seed,fold,variant,cindex,ece,brier_score,contract_satisfied
42,0,cox_baseline,0.8078308353665621,0.1891891891891892,0.25,True
42,0,ft_transformer,0.7844777506680609,0.1353455155013918,0.16831606261658127,True
42,1,cox_baseline,0.8239708892426655,0.18468468468468469,0.25,True
42,1,ft_transformer,0.796110984762338,0.13510903340202193,0.15171630107126954,True
