model,repeat,fold,inner,epoch,train_loss,validation_cindex
frozen,0,0,0,1,2.8615641593933105,0.41379310344827586
frozen,0,0,0,2,2.8594067096710205,0.4827586206896552
frozen,0,0,0,3,2.8572511672973633,0.5
frozen,0,0,0,4,2.8550992012023926,0.5517241379310345
frozen,0,0,0,5,2.852949380874634,0.5862068965517241
frozen,0,0,0,6,2.8508026599884033,0.6379310344827587
frozen,0,0,0,7,2.848658323287964,0.6379310344827587
frozen,0,0,0,8,2.846517324447632,0.6551724137931034
frozen,0,0,0,9,2.844379425048828,0.6896551724137931
frozen,0,0,0,10,2.8422443866729736,0.7068965517241379
frozen,0,0,0,11,2.8401122093200684,0.7241379310344828
frozen,0,0,0,12,2.8379833698272705,0.7241379310344828
frozen,0,0,0,13,2.8358569145202637,0.7241379310344828
frozen,0,0,0,14,2.8337340354919434,0.7413793103448276
frozen,0,0,0,15,2.8316147327423096,0.7586206896551724
frozen,0,0,0,16,2.829498291015625,0.7586206896551724
frozen,0,0,0,17,2.8273849487304688,0.7758620689655172
frozen,0,0,0,18,2.82527494430542,0.7758620689655172
frozen,0,0,0,19,2.8231682777404785,0.7758620689655172
frozen,0,0,0,20,2.8210649490356445,0.7758620689655172
frozen,0,0,0,21,2.818964719772339,0.7931034482758621
frozen,0,0,0,22,2.816868305206299,0.7758620689655172
frozen,0,0,0,23,2.814774751663208,0.7758620689655172
frozen,0,0,0,24,2.8126847743988037,0.7758620689655172
frozen,0,0,0,25,2.810598373413086,0.7586206896551724
frozen,0,0,0,26,2.8085150718688965,0.7586206896551724
frozen,0,0,0,27,2.8064353466033936,0.7586206896551724
frozen,0,0,0,28,2.804359197616577,0.7586206896551724
frozen,0,0,0,29,2.8022866249084473,0.7586206896551724
frozen,0,0,0,30,2.8002171516418457,0.7586206896551724
frozen,0,0,0,31,2.7981512546539307,0.7586206896551724
frozen,0,0,0,32,2.796088695526123,0.7586206896551724
frozen,0,0,0,33,2.79403018951416,0.7586206896551724
frozen,0,0,0,34,2.7919745445251465,0.7758620689655172
frozen,0,0,0,35,2.7899231910705566,0.7758620689655172
frozen,0,0,0,36,2.787874698638916,0.7758620689655172
frozen,0,0,1,1,3.016188859939575,0.32432432432432434
frozen,0,0,1,2,3.014540195465088,0.3783783783783784
frozen,0,0,1,3,3.0128934383392334,0.43243243243243246
frozen,0,0,1,4,3.0112485885620117,0.5405405405405406
frozen,0,0,1,5,3.0096054077148438,0.5405405405405406
frozen,0,0,1,6,3.0079641342163086,0.6486486486486487
frozen,0,0,1,7,3.0063247680664062,0.7567567567567568
frozen,0,0,1,8,3.004687547683716,0.7837837837837838
frozen,0,0,1,9,3.0030524730682373,0.8648648648648649
frozen,0,0,1,10,3.0014190673828125,0.8918918918918919
frozen,0,0,1,11,2.9997880458831787,0.918918918918919
frozen,0,0,1,12,2.998159170150757,0.9459459459459459
frozen,0,0,1,13,2.996532440185547,0.9459459459459459
frozen,0,0,1,14,2.9949076175689697,0.9459459459459459
frozen,0,0,1,15,2.9932851791381836,0.9459459459459459
frozen,0,0,1,16,2.9916646480560303,0.9459459459459459
frozen,0,0,1,17,2.990046501159668,0.918918918918919
frozen,0,0,1,18,2.9884302616119385,0.918918918918919
frozen,0,0,1,19,2.98681640625,0.918918918918919
frozen,0,0,1,20,2.9852049350738525,0.918918918918919
frozen,0,0,1,21,2.983595371246338,0.918918918918919
frozen,0,0,1,22,2.9819884300231934,0.918918918918919
frozen,0,0,1,23,2.9803833961486816,0.918918918918919
frozen,0,0,1,24,2.978780508041382,0.918918918918919
frozen,0,0,1,25,2.977180242538452,0.918918918918919
frozen,0,0,1,26,2.9755821228027344,0.918918918918919
frozen,0,0,1,27,2.9739861488342285,0.918918918918919
frozen,0,0,2,1,2.7797281742095947,0.5892857142857143
frozen,0,0,2,2,2.7777910232543945,0.6607142857142857
frozen,0,0,2,3,2.775855302810669,0.6607142857142857
frozen,0,0,2,4,2.7739217281341553,0.6964285714285714
frozen,0,0,2,5,2.771989583969116,0.7142857142857143
frozen,0,0,2,6,2.770059108734131,0.7142857142857143
frozen,0,0,2,7,2.7681310176849365,0.7321428571428571
frozen,0,0,2,8,2.766204595565796,0.75
frozen,0,0,2,9,2.764280080795288,0.7678571428571429
frozen,0,0,2,10,2.7623579502105713,0.7678571428571429
frozen,0,0,2,11,2.760437250137329,0.7678571428571429
frozen,0,0,2,12,2.758519172668457,0.7857142857142857
frozen,0,0,2,13,2.7566025257110596,0.7857142857142857
frozen,0,0,2,14,2.7546885013580322,0.7857142857142857
frozen,0,0,2,15,2.7527761459350586,0.7857142857142857
frozen,0,0,2,16,2.750865936279297,0.7857142857142857
frozen,0,0,2,17,2.748957872390747,0.7857142857142857
frozen,0,0,2,18,2.7470521926879883,0.7857142857142857
frozen,0,0,2,19,2.745148181915283,0.7857142857142857
frozen,0,0,2,20,2.7432470321655273,0.7857142857142857
frozen,0,0,2,21,2.741347551345825,0.7857142857142857
frozen,0,0,2,22,2.739450216293335,0.7857142857142857
frozen,0,0,2,23,2.7375552654266357,0.7857142857142857
frozen,0,0,2,24,2.7356626987457275,0.7857142857142857
frozen,0,0,2,25,2.7337722778320312,0.7857142857142857
frozen,0,0,2,26,2.731884002685547,0.7678571428571429
frozen,0,0,2,27,2.7299981117248535,0.7678571428571429
adapted,0,0,0,1,2.8615641593933105,0.4827586206896552
adapted,0,0,0,2,2.8565280437469482,0.5517241379310345
adapted,0,0,0,3,2.8515541553497314,0.5862068965517241
adapted,0,0,0,4,2.8465962409973145,0.6206896551724138
adapted,0,0,0,5,2.84159517288208,0.6896551724137931
adapted,0,0,0,6,2.8365015983581543,0.7068965517241379
adapted,0,0,0,7,2.831263780593872,0.7241379310344828
adapted,0,0,0,8,2.8258302211761475,0.7413793103448276
adapted,0,0,0,9,2.8201639652252197,0.7413793103448276
adapted,0,0,0,10,2.814222812652588,0.7586206896551724
adapted,0,0,0,11,2.8079710006713867,0.7586206896551724
adapted,0,0,0,12,2.8013763427734375,0.7413793103448276
adapted,0,0,0,13,2.794400215148926,0.7413793103448276
adapted,0,0,0,14,2.787022352218628,0.7241379310344828
adapted,0,0,0,15,2.7792067527770996,0.7413793103448276
adapted,0,0,0,16,2.770923614501953,0.7413793103448276
adapted,0,0,0,17,2.7621474266052246,0.7413793103448276
adapted,0,0,0,18,2.752854824066162,0.7413793103448276
adapted,0,0,0,19,2.7430241107940674,0.7586206896551724
adapted,0,0,0,20,2.7326552867889404,0.7586206896551724
adapted,0,0,0,21,2.7217092514038086,0.7586206896551724
adapted,0,0,0,22,2.710183620452881,0.7586206896551724
adapted,0,0,0,23,2.6980652809143066,0.7586206896551724
adapted,0,0,0,24,2.6853432655334473,0.7586206896551724
adapted,0,0,0,25,2.6720049381256104,0.7586206896551724
adapted,0,0,1,1,3.016188859939575,0.40540540540540543
adapted,0,0,1,2,3.0121917724609375,0.5405405405405406
adapted,0,0,1,3,3.008190870285034,0.7297297297297297
adapted,0,0,1,4,3.0041463375091553,0.8378378378378378
adapted,0,0,1,5,3.0000245571136475,0.918918918918919
adapted,0,0,1,6,2.9957847595214844,0.918918918918919
adapted,0,0,1,7,2.991398811340332,0.9459459459459459
adapted,0,0,1,8,2.9868319034576416,0.9459459459459459
adapted,0,0,1,9,2.9820516109466553,0.9459459459459459
adapted,0,0,1,10,2.977027177810669,0.9459459459459459
adapted,0,0,1,11,2.971724033355713,0.918918918918919
adapted,0,0,1,12,2.9661123752593994,0.918918918918919
adapted,0,0,1,13,2.960164785385132,0.918918918918919
adapted,0,0,1,14,2.953857421875,0.918918918918919
adapted,0,0,1,15,2.947167158126831,0.918918918918919
adapted,0,0,1,16,2.9400618076324463,0.918918918918919
adapted,0,0,1,17,2.932527780532837,0.918918918918919
adapted,0,0,1,18,2.9245407581329346,0.918918918918919
adapted,0,0,1,19,2.916076421737671,0.918918918918919
adapted,0,0,1,20,2.9071240425109863,0.918918918918919
adapted,0,0,1,21,2.8976564407348633,0.918918918918919
adapted,0,0,1,22,2.8876657485961914,0.918918918918919
adapted,0,0,2,1,2.7797281742095947,0.6607142857142857
adapted,0,0,2,2,2.775324821472168,0.7321428571428571
adapted,0,0,2,3,2.7709431648254395,0.7857142857142857
adapted,0,0,2,4,2.766538143157959,0.7678571428571429
adapted,0,0,2,5,2.7620656490325928,0.75
adapted,0,0,2,6,2.7574820518493652,0.75
adapted,0,0,2,7,2.752746343612671,0.75
adapted,0,0,2,8,2.7478156089782715,0.75
adapted,0,0,2,9,2.7426507472991943,0.75
adapted,0,0,2,10,2.7372207641601562,0.75
adapted,0,0,2,11,2.731484889984131,0.75
adapted,0,0,2,12,2.725409507751465,0.75
adapted,0,0,2,13,2.7189650535583496,0.75
adapted,0,0,2,14,2.7121126651763916,0.75
adapted,0,0,2,15,2.7048251628875732,0.75
adapted,0,0,2,16,2.697082281112671,0.75
adapted,0,0,2,17,2.688854455947876,0.75
adapted,0,0,2,18,2.6801164150238037,0.7678571428571429
adapted,0,0,2,19,2.670846462249756,0.7857142857142857
adapted,0,0,2,20,2.661034107208252,0.7857142857142857
frozen,0,1,0,1,3.1208672523498535,0.17391304347826086
frozen,0,1,0,2,3.1193275451660156,0.2391304347826087
frozen,0,1,0,3,3.1177897453308105,0.30434782608695654
frozen,0,1,0,4,3.11625337600708,0.3695652173913043
frozen,0,1,0,5,3.1147189140319824,0.5434782608695652
frozen,0,1,0,6,3.1131856441497803,0.6739130434782609
frozen,0,1,0,7,3.111654281616211,0.7608695652173914
frozen,0,1,0,8,3.1101245880126953,0.7608695652173914
frozen,0,1,0,9,3.108596086502075,0.7391304347826086
frozen,0,1,0,10,3.107069730758667,0.782608695652174
frozen,0,1,0,11,3.1055452823638916,0.8043478260869565
frozen,0,1,0,12,3.104022264480591,0.8478260869565217
frozen,0,1,0,13,3.1025009155273438,0.8695652173913043
frozen,0,1,0,14,3.1009814739227295,0.8695652173913043
frozen,0,1,0,15,3.099463701248169,0.8695652173913043
frozen,0,1,0,16,3.097947835922241,0.8913043478260869
frozen,0,1,0,17,3.096433639526367,0.8913043478260869
frozen,0,1,0,18,3.094921588897705,0.8913043478260869
frozen,0,1,0,19,3.093411445617676,0.8913043478260869
frozen,0,1,0,20,3.0919029712677,0.8913043478260869
frozen,0,1,0,21,3.0903964042663574,0.8913043478260869
frozen,0,1,0,22,3.0888915061950684,0.9130434782608695
frozen,0,1,0,23,3.087388753890991,0.9130434782608695
frozen,0,1,0,24,3.085888147354126,0.9130434782608695
frozen,0,1,0,25,3.0843889713287354,0.9130434782608695
frozen,0,1,0,26,3.0828919410705566,0.9130434782608695
frozen,0,1,0,27,3.0813968181610107,0.9130434782608695
frozen,0,1,0,28,3.0799038410186768,0.9130434782608695
frozen,0,1,0,29,3.0784125328063965,0.9130434782608695
frozen,0,1,0,30,3.0769236087799072,0.9130434782608695
frozen,0,1,0,31,3.0754361152648926,0.9130434782608695
frozen,0,1,0,32,3.07395076751709,0.9130434782608695
frozen,0,1,0,33,3.072467565536499,0.9130434782608695
frozen,0,1,0,34,3.070986032485962,0.9130434782608695
frozen,0,1,0,35,3.069506883621216,0.9130434782608695
frozen,0,1,0,36,3.0680294036865234,0.9130434782608695
frozen,0,1,0,37,3.066554307937622,0.8913043478260869
frozen,0,1,1,1,2.789945363998413,0.6307692307692307
frozen,0,1,1,2,2.7877957820892334,0.6461538461538462
frozen,0,1,1,3,2.7856497764587402,0.7076923076923077
frozen,0,1,1,4,2.783506155014038,0.6923076923076923
frozen,0,1,1,5,2.781365394592285,0.6923076923076923
frozen,0,1,1,6,2.7792279720306396,0.6923076923076923
frozen,0,1,1,7,2.777092695236206,0.6923076923076923
frozen,0,1,1,8,2.774960994720459,0.6923076923076923
frozen,0,1,1,9,2.772831916809082,0.6923076923076923
frozen,0,1,1,10,2.7707059383392334,0.6923076923076923
frozen,0,1,1,11,2.768583059310913,0.6923076923076923
frozen,0,1,1,12,2.766463279724121,0.6923076923076923
frozen,0,1,1,13,2.7643468379974365,0.7076923076923077
frozen,0,1,1,14,2.762233257293701,0.7076923076923077
frozen,0,1,1,15,2.7601232528686523,0.7076923076923077
frozen,0,1,1,16,2.7580161094665527,0.7076923076923077
frozen,0,1,1,17,2.7559127807617188,0.7076923076923077
frozen,0,1,1,18,2.753812551498413,0.7076923076923077
frozen,0,1,1,19,2.7517151832580566,0.7076923076923077
frozen,0,1,1,20,2.749621629714966,0.7076923076923077
frozen,0,1,2,1,3.003596305847168,0.25
frozen,0,1,2,2,3.0017731189727783,0.3541666666666667
frozen,0,1,2,3,2.999952793121338,0.4166666666666667
frozen,0,1,2,4,2.9981348514556885,0.4791666666666667
frozen,0,1,2,5,2.996319055557251,0.625
frozen,0,1,2,6,2.9945061206817627,0.6458333333333334
frozen,0,1,2,7,2.9926958084106445,0.6666666666666666
frozen,0,1,2,8,2.9908876419067383,0.6666666666666666
frozen,0,1,2,9,2.9890830516815186,0.7083333333333334
frozen,0,1,2,10,2.9872803688049316,0.75
frozen,0,1,2,11,2.985481023788452,0.75
frozen,0,1,2,12,2.9836843013763428,0.75
frozen,0,1,2,13,2.9818899631500244,0.75
frozen,0,1,2,14,2.9800987243652344,0.75
frozen,0,1,2,15,2.9783103466033936,0.75
frozen,0,1,2,16,2.976524591445923,0.75
frozen,0,1,2,17,2.9747421741485596,0.75
frozen,0,1,2,18,2.9729621410369873,0.7708333333333334
frozen,0,1,2,19,2.9711859226226807,0.7708333333333334
frozen,0,1,2,20,2.969412088394165,0.7708333333333334
frozen,0,1,2,21,2.9676413536071777,0.7708333333333334
frozen,0,1,2,22,2.9658734798431396,0.7916666666666666
frozen,0,1,2,23,2.964108467102051,0.7916666666666666
frozen,0,1,2,24,2.9623467922210693,0.7916666666666666
frozen,0,1,2,25,2.960588216781616,0.7916666666666666
frozen,0,1,2,26,2.9588325023651123,0.8125
frozen,0,1,2,27,2.9570798873901367,0.8125
frozen,0,1,2,28,2.9553298950195312,0.8125
frozen,0,1,2,29,2.9535834789276123,0.8125
frozen,0,1,2,30,2.9518396854400635,0.8125
frozen,0,1,2,31,2.950099229812622,0.8125
frozen,0,1,2,32,2.948361873626709,0.8125
frozen,0,1,2,33,2.946627616882324,0.8125
frozen,0,1,2,34,2.9448959827423096,0.8125
frozen,0,1,2,35,2.9431676864624023,0.8125
frozen,0,1,2,36,2.9414420127868652,0.8333333333333334
frozen,0,1,2,37,2.9397194385528564,0.8333333333333334
frozen,0,1,2,38,2.937999963760376,0.8333333333333334
frozen,0,1,2,39,2.9362833499908447,0.8333333333333334
frozen,0,1,2,40,2.9345703125,0.8333333333333334
frozen,0,1,2,41,2.9328596591949463,0.8333333333333334
frozen,0,1,2,42,2.931152105331421,0.8333333333333334
frozen,0,1,2,43,2.9294474124908447,0.8333333333333334
frozen,0,1,2,44,2.927745819091797,0.8333333333333334
frozen,0,1,2,45,2.926046848297119,0.8333333333333334
frozen,0,1,2,46,2.9243509769439697,0.8333333333333334
frozen,0,1,2,47,2.9226584434509277,0.8333333333333334
frozen,0,1,2,48,2.920968532562256,0.8333333333333334
frozen,0,1,2,49,2.9192817211151123,0.8333333333333334
frozen,0,1,2,50,2.9175972938537598,0.8333333333333334
frozen,0,1,2,51,2.9159162044525146,0.8333333333333334
adapted,0,1,0,1,3.1208672523498535,0.2391304347826087
adapted,0,1,0,2,3.1171834468841553,0.3695652173913043
adapted,0,1,0,3,3.1135571002960205,0.6304347826086957
adapted,0,1,0,4,3.109952926635742,0.717391304347826
adapted,0,1,0,5,3.1063292026519775,0.6956521739130435
adapted,0,1,0,6,3.1026458740234375,0.782608695652174
adapted,0,1,0,7,3.098869562149048,0.8260869565217391
adapted,0,1,0,8,3.0949668884277344,0.8913043478260869
adapted,0,1,0,9,3.0908970832824707,0.8913043478260869
adapted,0,1,0,10,3.08663272857666,0.8913043478260869
adapted,0,1,0,11,3.082144260406494,0.8913043478260869
adapted,0,1,0,12,3.077399969100952,0.8913043478260869
adapted,0,1,0,13,3.0723729133605957,0.8913043478260869
adapted,0,1,0,14,3.0670337677001953,0.9130434782608695
adapted,0,1,0,15,3.0613536834716797,0.9130434782608695
adapted,0,1,0,16,3.0553081035614014,0.9130434782608695
adapted,0,1,0,17,3.04887056350708,0.9130434782608695
adapted,0,1,0,18,3.0420167446136475,0.9130434782608695
adapted,0,1,0,19,3.034723997116089,0.9130434782608695
adapted,0,1,0,20,3.0269646644592285,0.9130434782608695
adapted,0,1,0,21,3.018716335296631,0.9130434782608695
adapted,0,1,0,22,3.009967088699341,0.9130434782608695
adapted,0,1,0,23,3.0006871223449707,0.9130434782608695
adapted,0,1,0,24,2.9908485412597656,0.9130434782608695
adapted,0,1,0,25,2.980433940887451,0.9130434782608695
adapted,0,1,0,26,2.9694361686706543,0.9130434782608695
adapted,0,1,0,27,2.9578287601470947,0.9130434782608695
adapted,0,1,0,28,2.945605754852295,0.9130434782608695
adapted,0,1,0,29,2.9327640533447266,0.9130434782608695
adapted,0,1,1,1,2.789945363998413,0.6615384615384615
adapted,0,1,1,2,2.7848398685455322,0.7076923076923077
adapted,0,1,1,3,2.7796506881713867,0.7076923076923077
adapted,0,1,1,4,2.774329662322998,0.7076923076923077
adapted,0,1,1,5,2.768841505050659,0.6923076923076923
adapted,0,1,1,6,2.7631471157073975,0.6923076923076923
adapted,0,1,1,7,2.757213592529297,0.7076923076923077
adapted,0,1,1,8,2.751009702682495,0.7230769230769231
adapted,0,1,1,9,2.7445013523101807,0.7384615384615385
adapted,0,1,1,10,2.737664222717285,0.7384615384615385
adapted,0,1,1,11,2.7304868698120117,0.7384615384615385
adapted,0,1,1,12,2.7229363918304443,0.7384615384615385
adapted,0,1,1,13,2.7149887084960938,0.7384615384615385
adapted,0,1,1,14,2.70662784576416,0.7384615384615385
adapted,0,1,1,15,2.69783878326416,0.7384615384615385
adapted,0,1,1,16,2.6886136531829834,0.7384615384615385
adapted,0,1,1,17,2.6789369583129883,0.7384615384615385
adapted,0,1,1,18,2.6687989234924316,0.7384615384615385
adapted,0,1,1,19,2.6581926345825195,0.7384615384615385
adapted,0,1,1,20,2.6471269130706787,0.7384615384615385
adapted,0,1,1,21,2.635603427886963,0.7384615384615385
adapted,0,1,1,22,2.623605251312256,0.7384615384615385
adapted,0,1,1,23,2.6111345291137695,0.7384615384615385
adapted,0,1,1,24,2.598202705383301,0.7384615384615385
adapted,0,1,2,1,3.003596305847168,0.3541666666666667
adapted,0,1,2,2,2.999441623687744,0.4791666666666667
adapted,0,1,2,3,2.995319128036499,0.625
adapted,0,1,2,4,2.991187810897827,0.6666666666666666
adapted,0,1,2,5,2.987002372741699,0.7083333333333334
adapted,0,1,2,6,2.9827263355255127,0.7291666666666666
adapted,0,1,2,7,2.9783196449279785,0.7291666666666666
adapted,0,1,2,8,2.9737420082092285,0.7291666666666666
adapted,0,1,2,9,2.9689552783966064,0.7291666666666666
adapted,0,1,2,10,2.963925361633301,0.7291666666666666
adapted,0,1,2,11,2.9586167335510254,0.7291666666666666
adapted,0,1,2,12,2.9530036449432373,0.7291666666666666
adapted,0,1,2,13,2.9470560550689697,0.75
adapted,0,1,2,14,2.9407427310943604,0.75
adapted,0,1,2,15,2.934042453765869,0.75
adapted,0,1,2,16,2.9269347190856934,0.75
adapted,0,1,2,17,2.91938853263855,0.75
adapted,0,1,2,18,2.9113852977752686,0.7916666666666666
adapted,0,1,2,19,2.9029109477996826,0.8125
adapted,0,1,2,20,2.893948793411255,0.8125
adapted,0,1,2,21,2.884493112564087,0.8125
adapted,0,1,2,22,2.8745226860046387,0.8125
adapted,0,1,2,23,2.86403751373291,0.8333333333333334
adapted,0,1,2,24,2.853023052215576,0.8333333333333334
adapted,0,1,2,25,2.8414955139160156,0.8333333333333334
adapted,0,1,2,26,2.8294320106506348,0.8333333333333334
adapted,0,1,2,27,2.816868782043457,0.8333333333333334
adapted,0,1,2,28,2.803767204284668,0.8333333333333334
adapted,0,1,2,29,2.7901418209075928,0.8333333333333334
adapted,0,1,2,30,2.7759993076324463,0.8333333333333334
adapted,0,1,2,31,2.761342763900757,0.8333333333333334
adapted,0,1,2,32,2.7461740970611572,0.8333333333333334
adapted,0,1,2,33,2.7304811477661133,0.8333333333333334
adapted,0,1,2,34,2.714285373687744,0.8333333333333334
adapted,0,1,2,35,2.6975722312927246,0.8333333333333334
adapted,0,1,2,36,2.680365800857544,0.8333333333333334
adapted,0,1,2,37,2.662675619125366,0.8333333333333334
adapted,0,1,2,38,2.644514560699463,0.8333333333333334
frozen,0,2,0,1,2.784588575363159,0.7419354838709677
frozen,0,2,0,2,2.7828526496887207,0.7903225806451613
frozen,0,2,0,3,2.7811193466186523,0.8064516129032258
frozen,0,2,0,4,2.7793891429901123,0.8064516129032258
frozen,0,2,0,5,2.7776618003845215,0.8225806451612904
frozen,0,2,0,6,2.775937557220459,0.8225806451612904
frozen,0,2,0,7,2.7742161750793457,0.8225806451612904
frozen,0,2,0,8,2.7724978923797607,0.8225806451612904
frozen,0,2,0,9,2.770782470703125,0.8225806451612904
frozen,0,2,0,10,2.7690703868865967,0.8387096774193549
frozen,0,2,0,11,2.7673611640930176,0.8387096774193549
frozen,0,2,0,12,2.765655040740967,0.8387096774193549
frozen,0,2,0,13,2.7639522552490234,0.8387096774193549
frozen,0,2,0,14,2.7622528076171875,0.8387096774193549
frozen,0,2,0,15,2.760556221008301,0.8387096774193549
frozen,0,2,0,16,2.7588627338409424,0.8387096774193549
frozen,0,2,0,17,2.7571723461151123,0.8387096774193549
frozen,0,2,0,18,2.7554855346679688,0.8387096774193549
frozen,0,2,0,19,2.7538020610809326,0.8387096774193549
frozen,0,2,0,20,2.7521214485168457,0.8387096774193549
frozen,0,2,0,21,2.7504444122314453,0.8387096774193549
frozen,0,2,0,22,2.748770236968994,0.8387096774193549
frozen,0,2,0,23,2.7470998764038086,0.8387096774193549
frozen,0,2,0,24,2.7454323768615723,0.8387096774193549
frozen,0,2,0,25,2.7437682151794434,0.8387096774193549
frozen,0,2,1,1,3.099806308746338,0.5
frozen,0,2,1,2,3.0979461669921875,0.5
frozen,0,2,1,3,3.096088171005249,0.7
frozen,0,2,1,4,3.0942323207855225,0.7
frozen,0,2,1,5,3.092378854751587,0.7666666666666667
frozen,0,2,1,6,3.090527296066284,0.8333333333333334
frozen,0,2,1,7,3.0886785984039307,0.8333333333333334
frozen,0,2,1,8,3.08683180809021,0.8
frozen,0,2,1,9,3.0849878787994385,0.8
frozen,0,2,1,10,3.083146095275879,0.8
frozen,0,2,1,11,3.0813066959381104,0.8
frozen,0,2,1,12,3.079469919204712,0.8
frozen,0,2,1,13,3.0776352882385254,0.8
frozen,0,2,1,14,3.0758039951324463,0.7666666666666667
frozen,0,2,1,15,3.073974609375,0.7666666666666667
frozen,0,2,1,16,3.072148084640503,0.7666666666666667
frozen,0,2,1,17,3.070323944091797,0.7666666666666667
frozen,0,2,1,18,3.06850266456604,0.7666666666666667
frozen,0,2,1,19,3.066683769226074,0.7666666666666667
frozen,0,2,1,20,3.0648674964904785,0.7666666666666667
frozen,0,2,1,21,3.063054084777832,0.7666666666666667
frozen,0,2,2,1,2.8210017681121826,0.5396825396825397
frozen,0,2,2,2,2.818880319595337,0.6031746031746031
frozen,0,2,2,3,2.8167619705200195,0.6031746031746031
frozen,0,2,2,4,2.8146462440490723,0.6507936507936508
frozen,0,2,2,5,2.812533378601074,0.6349206349206349
frozen,0,2,2,6,2.8104233741760254,0.6666666666666666
frozen,0,2,2,7,2.808316230773926,0.6666666666666666
frozen,0,2,2,8,2.8062117099761963,0.6825396825396826
frozen,0,2,2,9,2.804110527038574,0.7142857142857143
frozen,0,2,2,10,2.8020119667053223,0.7142857142857143
frozen,0,2,2,11,2.7999165058135986,0.7301587301587301
frozen,0,2,2,12,2.7978246212005615,0.746031746031746
frozen,0,2,2,13,2.7957351207733154,0.746031746031746
frozen,0,2,2,14,2.793649435043335,0.7619047619047619
frozen,0,2,2,15,2.7915661334991455,0.7619047619047619
frozen,0,2,2,16,2.7894864082336426,0.7619047619047619
frozen,0,2,2,17,2.787410259246826,0.7619047619047619
frozen,0,2,2,18,2.785336971282959,0.746031746031746
frozen,0,2,2,19,2.783267021179199,0.746031746031746
frozen,0,2,2,20,2.781200408935547,0.746031746031746
frozen,0,2,2,21,2.779137134552002,0.746031746031746
frozen,0,2,2,22,2.7770774364471436,0.746031746031746
frozen,0,2,2,23,2.7750208377838135,0.746031746031746
frozen,0,2,2,24,2.77296781539917,0.746031746031746
frozen,0,2,2,25,2.770918130874634,0.746031746031746
frozen,0,2,2,26,2.768872022628784,0.746031746031746
frozen,0,2,2,27,2.766829252243042,0.746031746031746
frozen,0,2,2,28,2.7647898197174072,0.746031746031746
frozen,0,2,2,29,2.762754201889038,0.746031746031746
adapted,0,2,0,1,2.784588575363159,0.7741935483870968
adapted,0,2,0,2,2.780564546585083,0.7903225806451613
adapted,0,2,0,3,2.7764735221862793,0.7903225806451613
adapted,0,2,0,4,2.772284984588623,0.7903225806451613
adapted,0,2,0,5,2.7679567337036133,0.8064516129032258
adapted,0,2,0,6,2.7634589672088623,0.8064516129032258
adapted,0,2,0,7,2.758758544921875,0.8064516129032258
adapted,0,2,0,8,2.7538225650787354,0.8064516129032258
adapted,0,2,0,9,2.748629331588745,0.7903225806451613
adapted,0,2,0,10,2.7431583404541016,0.7903225806451613
adapted,0,2,0,11,2.7373809814453125,0.7903225806451613
adapted,0,2,0,12,2.7312819957733154,0.8064516129032258
adapted,0,2,0,13,2.7248377799987793,0.8064516129032258
adapted,0,2,0,14,2.7180209159851074,0.8064516129032258
adapted,0,2,0,15,2.710819721221924,0.8064516129032258
adapted,0,2,0,16,2.7032203674316406,0.8064516129032258
adapted,0,2,0,17,2.6952085494995117,0.8064516129032258
adapted,0,2,0,18,2.686763286590576,0.8064516129032258
adapted,0,2,0,19,2.677868604660034,0.8064516129032258
adapted,0,2,0,20,2.6685187816619873,0.8064516129032258
adapted,0,2,1,1,3.099806308746338,0.5
adapted,0,2,1,2,3.095505475997925,0.7
adapted,0,2,1,3,3.091264247894287,0.8
adapted,0,2,1,4,3.0870361328125,0.8333333333333334
adapted,0,2,1,5,3.082778215408325,0.8
adapted,0,2,1,6,3.07844614982605,0.8333333333333334
adapted,0,2,1,7,3.074002742767334,0.8333333333333334
adapted,0,2,1,8,3.069413185119629,0.8333333333333334
adapted,0,2,1,9,3.064631700515747,0.8333333333333334
adapted,0,2,1,10,3.059619903564453,0.8
adapted,0,2,1,11,3.054351806640625,0.8
adapted,0,2,1,12,3.048781394958496,0.8
adapted,0,2,1,13,3.0428848266601562,0.8
adapted,0,2,1,14,3.036632537841797,0.8
adapted,0,2,1,15,3.029982805252075,0.8
adapted,0,2,1,16,3.0229132175445557,0.8333333333333334
adapted,0,2,1,17,3.0153939723968506,0.8333333333333334
adapted,0,2,1,18,3.0073893070220947,0.8333333333333334
adapted,0,2,1,19,2.998873710632324,0.8333333333333334
adapted,0,2,1,20,2.9898271560668945,0.8333333333333334
adapted,0,2,2,1,2.8210017681121826,0.6349206349206349
adapted,0,2,2,2,2.816105604171753,0.6666666666666666
adapted,0,2,2,3,2.811228036880493,0.6984126984126984
adapted,0,2,2,4,2.8063230514526367,0.7301587301587301
adapted,0,2,2,5,2.8013482093811035,0.7301587301587301
adapted,0,2,2,6,2.7962591648101807,0.746031746031746
adapted,0,2,2,7,2.791020393371582,0.7777777777777778
adapted,0,2,2,8,2.7855894565582275,0.7619047619047619
adapted,0,2,2,9,2.7799317836761475,0.7619047619047619
adapted,0,2,2,10,2.7740225791931152,0.7619047619047619
adapted,0,2,2,11,2.76782488822937,0.7619047619047619
adapted,0,2,2,12,2.7613041400909424,0.7619047619047619
adapted,0,2,2,13,2.7544448375701904,0.7619047619047619
adapted,0,2,2,14,2.7472074031829834,0.746031746031746
adapted,0,2,2,15,2.7395691871643066,0.746031746031746
adapted,0,2,2,16,2.7315049171447754,0.746031746031746
adapted,0,2,2,17,2.722984552383423,0.746031746031746
adapted,0,2,2,18,2.7139928340911865,0.7301587301587301
adapted,0,2,2,19,2.704493522644043,0.7301587301587301
adapted,0,2,2,20,2.69447922706604,0.7301587301587301
adapted,0,2,2,21,2.6839191913604736,0.7301587301587301
adapted,0,2,2,22,2.6728062629699707,0.7301587301587301
frozen,0,3,0,1,2.934633731842041,0.4791666666666667
frozen,0,3,0,2,2.932595729827881,0.5833333333333334
frozen,0,3,0,3,2.930560350418091,0.6666666666666666
frozen,0,3,0,4,2.9285266399383545,0.6875
frozen,0,3,0,5,2.9264957904815674,0.6875
frozen,0,3,0,6,2.924467086791992,0.6875
frozen,0,3,0,7,2.922441005706787,0.625
frozen,0,3,0,8,2.920417308807373,0.6458333333333334
frozen,0,3,0,9,2.918395757675171,0.6666666666666666
frozen,0,3,0,10,2.916377305984497,0.6875
frozen,0,3,0,11,2.914360761642456,0.6875
frozen,0,3,0,12,2.9123470783233643,0.7083333333333334
frozen,0,3,0,13,2.9103357791900635,0.7083333333333334
frozen,0,3,0,14,2.908327341079712,0.6875
frozen,0,3,0,15,2.9063212871551514,0.6875
frozen,0,3,0,16,2.904318332672119,0.6875
frozen,0,3,0,17,2.902317523956299,0.6875
frozen,0,3,0,18,2.900320053100586,0.6875
frozen,0,3,0,19,2.898324489593506,0.7083333333333334
frozen,0,3,0,20,2.896332263946533,0.7291666666666666
frozen,0,3,0,21,2.8943428993225098,0.7291666666666666
frozen,0,3,0,22,2.8923559188842773,0.7291666666666666
frozen,0,3,0,23,2.890371799468994,0.7291666666666666
frozen,0,3,0,24,2.8883907794952393,0.7291666666666666
frozen,0,3,0,25,2.8864121437072754,0.7291666666666666
frozen,0,3,0,26,2.88443660736084,0.7291666666666666
frozen,0,3,0,27,2.8824634552001953,0.7291666666666666
frozen,0,3,0,28,2.880493640899658,0.7291666666666666
frozen,0,3,0,29,2.8785266876220703,0.7083333333333334
frozen,0,3,0,30,2.8765623569488525,0.7083333333333334
frozen,0,3,0,31,2.874601125717163,0.7083333333333334
frozen,0,3,0,32,2.8726425170898438,0.7083333333333334
frozen,0,3,0,33,2.8706870079040527,0.7083333333333334
frozen,0,3,0,34,2.8687338829040527,0.7083333333333334
frozen,0,3,0,35,2.866783857345581,0.7291666666666666
frozen,0,3,1,1,2.934215545654297,0.6382978723404256
frozen,0,3,1,2,2.932222843170166,0.7021276595744681
frozen,0,3,1,3,2.9302332401275635,0.7446808510638298
frozen,0,3,1,4,2.928246259689331,0.7659574468085106
frozen,0,3,1,5,2.926262617111206,0.7659574468085106
frozen,0,3,1,6,2.9242818355560303,0.7659574468085106
frozen,0,3,1,7,2.9223039150238037,0.7659574468085106
frozen,0,3,1,8,2.9203293323516846,0.7659574468085106
frozen,0,3,1,9,2.9183578491210938,0.8085106382978723
frozen,0,3,1,10,2.916389226913452,0.8085106382978723
frozen,0,3,1,11,2.914423942565918,0.8085106382978723
frozen,0,3,1,12,2.912461757659912,0.7872340425531915
frozen,0,3,1,13,2.9105031490325928,0.7872340425531915
frozen,0,3,1,14,2.9085474014282227,0.7872340425531915
frozen,0,3,1,15,2.906595468521118,0.7872340425531915
frozen,0,3,1,16,2.904646396636963,0.7872340425531915
frozen,0,3,1,17,2.902700901031494,0.7872340425531915
frozen,0,3,1,18,2.900758981704712,0.7872340425531915
frozen,0,3,1,19,2.898820400238037,0.7872340425531915
frozen,0,3,1,20,2.8968851566314697,0.7872340425531915
frozen,0,3,1,21,2.894953489303589,0.7872340425531915
frozen,0,3,1,22,2.8930253982543945,0.8085106382978723
frozen,0,3,1,23,2.8911008834838867,0.8085106382978723
frozen,0,3,1,24,2.8891794681549072,0.8085106382978723
frozen,0,3,2,1,2.705648183822632,0.46938775510204084
frozen,0,3,2,2,2.703979253768921,0.4897959183673469
frozen,0,3,2,3,2.7023119926452637,0.5510204081632653
frozen,0,3,2,4,2.7006471157073975,0.5918367346938775
frozen,0,3,2,5,2.698984384536743,0.6530612244897959
frozen,0,3,2,6,2.697324275970459,0.6938775510204082
frozen,0,3,2,7,2.6956663131713867,0.7142857142857143
frozen,0,3,2,8,2.6940109729766846,0.7346938775510204
frozen,0,3,2,9,2.6923577785491943,0.7346938775510204
frozen,0,3,2,10,2.690707206726074,0.7346938775510204
frozen,0,3,2,11,2.689059257507324,0.7346938775510204
frozen,0,3,2,12,2.6874136924743652,0.7551020408163265
frozen,0,3,2,13,2.6857705116271973,0.7551020408163265
frozen,0,3,2,14,2.6841299533843994,0.7755102040816326
frozen,0,3,2,15,2.682492256164551,0.7755102040816326
frozen,0,3,2,16,2.680856943130493,0.7755102040816326
frozen,0,3,2,17,2.6792242527008057,0.7755102040816326
frozen,0,3,2,18,2.6775941848754883,0.7959183673469388
frozen,0,3,2,19,2.675967216491699,0.7959183673469388
frozen,0,3,2,20,2.674342155456543,0.7959183673469388
frozen,0,3,2,21,2.672720193862915,0.7959183673469388
frozen,0,3,2,22,2.6711008548736572,0.7959183673469388
frozen,0,3,2,23,2.6694843769073486,0.7959183673469388
frozen,0,3,2,24,2.667870283126831,0.7959183673469388
frozen,0,3,2,25,2.6662590503692627,0.7959183673469388
frozen,0,3,2,26,2.6646506786346436,0.7959183673469388
frozen,0,3,2,27,2.6630449295043945,0.7959183673469388
frozen,0,3,2,28,2.6614420413970947,0.7959183673469388
frozen,0,3,2,29,2.659841775894165,0.7959183673469388
frozen,0,3,2,30,2.6582443714141846,0.7959183673469388
frozen,0,3,2,31,2.656649589538574,0.7959183673469388
frozen,0,3,2,32,2.655057668685913,0.7959183673469388
frozen,0,3,2,33,2.653468370437622,0.7959183673469388
adapted,0,3,0,1,2.934633731842041,0.5833333333333334
adapted,0,3,0,2,2.9298882484436035,0.6875
adapted,0,3,0,3,2.9252257347106934,0.7291666666666666
adapted,0,3,0,4,2.9205944538116455,0.6875
adapted,0,3,0,5,2.915951728820801,0.7083333333333334
adapted,0,3,0,6,2.9112470149993896,0.7291666666666666
adapted,0,3,0,7,2.9064319133758545,0.75
adapted,0,3,0,8,2.901463031768799,0.75
adapted,0,3,0,9,2.896284580230713,0.7291666666666666
adapted,0,3,0,10,2.8908567428588867,0.7083333333333334
adapted,0,3,0,11,2.8851280212402344,0.7291666666666666
adapted,0,3,0,12,2.8790600299835205,0.7291666666666666
adapted,0,3,0,13,2.872617483139038,0.7291666666666666
adapted,0,3,0,14,2.865764856338501,0.7291666666666666
adapted,0,3,0,15,2.858461856842041,0.7291666666666666
adapted,0,3,0,16,2.850682020187378,0.7291666666666666
adapted,0,3,0,17,2.842395067214966,0.7291666666666666
adapted,0,3,0,18,2.833566427230835,0.7291666666666666
adapted,0,3,0,19,2.8241782188415527,0.7291666666666666
adapted,0,3,0,20,2.8142006397247314,0.7291666666666666
adapted,0,3,0,21,2.8036162853240967,0.7291666666666666
adapted,0,3,0,22,2.7924060821533203,0.7291666666666666
adapted,0,3,1,1,2.934215545654297,0.7021276595744681
adapted,0,3,1,2,2.929753303527832,0.7872340425531915
adapted,0,3,1,3,2.9252898693084717,0.7872340425531915
adapted,0,3,1,4,2.9207887649536133,0.8297872340425532
adapted,0,3,1,5,2.916210889816284,0.8085106382978723
adapted,0,3,1,6,2.911513566970825,0.8085106382978723
adapted,0,3,1,7,2.9066617488861084,0.7872340425531915
adapted,0,3,1,8,2.9016172885894775,0.7872340425531915
adapted,0,3,1,9,2.8963429927825928,0.7872340425531915
adapted,0,3,1,10,2.8908090591430664,0.7872340425531915
adapted,0,3,1,11,2.8849778175354004,0.7872340425531915
adapted,0,3,1,12,2.8788228034973145,0.7872340425531915
adapted,0,3,1,13,2.8723180294036865,0.7872340425531915
adapted,0,3,1,14,2.8654370307922363,0.7872340425531915
adapted,0,3,1,15,2.858153820037842,0.7872340425531915
adapted,0,3,1,16,2.850449562072754,0.7872340425531915
adapted,0,3,1,17,2.8423070907592773,0.8085106382978723
adapted,0,3,1,18,2.8337011337280273,0.8085106382978723
adapted,0,3,1,19,2.8246147632598877,0.8085106382978723
adapted,0,3,1,20,2.8150415420532227,0.8085106382978723
adapted,0,3,2,1,2.705648183822632,0.4897959183673469
adapted,0,3,2,2,2.701735734939575,0.5918367346938775
adapted,0,3,2,3,2.6978514194488525,0.6326530612244898
adapted,0,3,2,4,2.6939568519592285,0.6938775510204082
adapted,0,3,2,5,2.690020799636841,0.7346938775510204
adapted,0,3,2,6,2.686004161834717,0.7346938775510204
adapted,0,3,2,7,2.681872606277466,0.7346938775510204
adapted,0,3,2,8,2.677593469619751,0.7346938775510204
adapted,0,3,2,9,2.673137664794922,0.7346938775510204
adapted,0,3,2,10,2.6684744358062744,0.7346938775510204
adapted,0,3,2,11,2.66357421875,0.7551020408163265
adapted,0,3,2,12,2.6584112644195557,0.7551020408163265
adapted,0,3,2,13,2.652965784072876,0.7551020408163265
adapted,0,3,2,14,2.6472129821777344,0.7551020408163265
adapted,0,3,2,15,2.6411283016204834,0.7551020408163265
adapted,0,3,2,16,2.6346983909606934,0.7551020408163265
adapted,0,3,2,17,2.6278998851776123,0.7551020408163265
adapted,0,3,2,18,2.620718002319336,0.7551020408163265
adapted,0,3,2,19,2.613126277923584,0.7551020408163265
adapted,0,3,2,20,2.6051180362701416,0.7551020408163265
adapted,0,3,2,21,2.5966789722442627,0.7551020408163265
adapted,0,3,2,22,2.5877890586853027,0.7551020408163265
adapted,0,3,2,23,2.578434944152832,0.7551020408163265
adapted,0,3,2,24,2.5686097145080566,0.7551020408163265
adapted,0,3,2,25,2.558307409286499,0.7346938775510204
adapted,0,3,2,26,2.5475268363952637,0.7346938775510204
frozen,0,4,0,1,2.922731637954712,0.5272727272727272
frozen,0,4,0,2,2.9208407402038574,0.5636363636363636
frozen,0,4,0,3,2.918952226638794,0.6363636363636364
frozen,0,4,0,4,2.9170656204223633,0.6363636363636364
frozen,0,4,0,5,2.9151813983917236,0.6363636363636364
frozen,0,4,0,6,2.913299083709717,0.6545454545454545
frozen,0,4,0,7,2.91141939163208,0.6909090909090909
frozen,0,4,0,8,2.909541368484497,0.7272727272727273
frozen,0,4,0,9,2.907665967941284,0.7272727272727273
frozen,0,4,0,10,2.905792713165283,0.7454545454545455
frozen,0,4,0,11,2.9039218425750732,0.7454545454545455
frozen,0,4,0,12,2.902052879333496,0.7454545454545455
frozen,0,4,0,13,2.900186777114868,0.7818181818181819
frozen,0,4,0,14,2.898322582244873,0.7818181818181819
frozen,0,4,0,15,2.896461248397827,0.7818181818181819
frozen,0,4,0,16,2.894602060317993,0.7818181818181819
frozen,0,4,0,17,2.89274525642395,0.7636363636363637
frozen,0,4,0,18,2.8908908367156982,0.7636363636363637
frozen,0,4,0,19,2.8890388011932373,0.7636363636363637
frozen,0,4,0,20,2.8871896266937256,0.7818181818181819
frozen,0,4,0,21,2.8853423595428467,0.8
frozen,0,4,0,22,2.883497953414917,0.8
frozen,0,4,0,23,2.8816559314727783,0.8363636363636363
frozen,0,4,0,24,2.8798165321350098,0.8363636363636363
frozen,0,4,0,25,2.8779795169830322,0.8363636363636363
frozen,0,4,0,26,2.876145124435425,0.8363636363636363
frozen,0,4,0,27,2.8743133544921875,0.8363636363636363
frozen,0,4,0,28,2.8724842071533203,0.8363636363636363
frozen,0,4,0,29,2.870657444000244,0.8363636363636363
frozen,0,4,0,30,2.868833065032959,0.8363636363636363
frozen,0,4,0,31,2.867011547088623,0.8363636363636363
frozen,0,4,0,32,2.8651926517486572,0.8363636363636363
frozen,0,4,0,33,2.8633761405944824,0.8363636363636363
frozen,0,4,0,34,2.8615622520446777,0.8363636363636363
frozen,0,4,0,35,2.8597512245178223,0.8363636363636363
frozen,0,4,0,36,2.8579423427581787,0.8363636363636363
frozen,0,4,0,37,2.8561365604400635,0.8363636363636363
frozen,0,4,0,38,2.85433292388916,0.8363636363636363
frozen,0,4,1,1,2.944368839263916,0.40476190476190477
frozen,0,4,1,2,2.942403554916382,0.40476190476190477
frozen,0,4,1,3,2.940441370010376,0.35714285714285715
frozen,0,4,1,4,2.9384820461273193,0.42857142857142855
frozen,0,4,1,5,2.936526298522949,0.40476190476190477
frozen,0,4,1,6,2.9345738887786865,0.40476190476190477
frozen,0,4,1,7,2.932624101638794,0.42857142857142855
frozen,0,4,1,8,2.930677652359009,0.4523809523809524
frozen,0,4,1,9,2.92873477935791,0.4523809523809524
frozen,0,4,1,10,2.926795244216919,0.47619047619047616
frozen,0,4,1,11,2.924858808517456,0.4523809523809524
frozen,0,4,1,12,2.922926425933838,0.47619047619047616
frozen,0,4,1,13,2.920996904373169,0.47619047619047616
frozen,0,4,1,14,2.9190714359283447,0.5
frozen,0,4,1,15,2.917149543762207,0.47619047619047616
frozen,0,4,1,16,2.915231227874756,0.47619047619047616
frozen,0,4,1,17,2.913316249847412,0.5
frozen,0,4,1,18,2.911405086517334,0.5
frozen,0,4,1,19,2.9094977378845215,0.5
frozen,0,4,1,20,2.9075939655303955,0.5
frozen,0,4,1,21,2.905694007873535,0.5
frozen,0,4,1,22,2.9037978649139404,0.5
frozen,0,4,1,23,2.9019055366516113,0.5
frozen,0,4,1,24,2.9000167846679688,0.5
frozen,0,4,1,25,2.898132085800171,0.5
frozen,0,4,1,26,2.8962512016296387,0.5
frozen,0,4,1,27,2.894374132156372,0.5
frozen,0,4,1,28,2.89250111579895,0.5476190476190477
frozen,0,4,1,29,2.890631914138794,0.5476190476190477
frozen,0,4,1,30,2.8887667655944824,0.5476190476190477
frozen,0,4,1,31,2.8869051933288574,0.5476190476190477
frozen,0,4,1,32,2.885047674179077,0.5714285714285714
frozen,0,4,1,33,2.8831937313079834,0.5714285714285714
frozen,0,4,1,34,2.8813438415527344,0.5476190476190477
frozen,0,4,1,35,2.87949800491333,0.5476190476190477
frozen,0,4,1,36,2.8776559829711914,0.5476190476190477
frozen,0,4,1,37,2.8758180141448975,0.5476190476190477
frozen,0,4,1,38,2.87398362159729,0.5714285714285714
frozen,0,4,1,39,2.8721532821655273,0.5714285714285714
frozen,0,4,1,40,2.8703269958496094,0.5714285714285714
frozen,0,4,1,41,2.868504524230957,0.5714285714285714
frozen,0,4,1,42,2.866685628890991,0.5714285714285714
frozen,0,4,1,43,2.864871025085449,0.5714285714285714
frozen,0,4,1,44,2.8630599975585938,0.5714285714285714
frozen,0,4,1,45,2.861252784729004,0.5714285714285714
frozen,0,4,1,46,2.859449625015259,0.5714285714285714
frozen,0,4,1,47,2.8576500415802,0.5714285714285714
frozen,0,4,2,1,2.858970880508423,0.29310344827586204
frozen,0,4,2,2,2.8573596477508545,0.3793103448275862
frozen,0,4,2,3,2.85575008392334,0.43103448275862066
frozen,0,4,2,4,2.854142904281616,0.4827586206896552
frozen,0,4,2,5,2.8525373935699463,0.5689655172413793
frozen,0,4,2,6,2.8509340286254883,0.5689655172413793
frozen,0,4,2,7,2.8493330478668213,0.5862068965517241
frozen,0,4,2,8,2.847733497619629,0.6379310344827587
frozen,0,4,2,9,2.8461363315582275,0.6379310344827587
frozen,0,4,2,10,2.844541311264038,0.6379310344827587
frozen,0,4,2,11,2.8429486751556396,0.6551724137931034
frozen,0,4,2,12,2.841357946395874,0.6724137931034483
frozen,0,4,2,13,2.839769124984741,0.6896551724137931
frozen,0,4,2,14,2.8381826877593994,0.7241379310344828
frozen,0,4,2,15,2.8365981578826904,0.7241379310344828
frozen,0,4,2,16,2.8350160121917725,0.7241379310344828
frozen,0,4,2,17,2.8334360122680664,0.7241379310344828
frozen,0,4,2,18,2.8318581581115723,0.7241379310344828
frozen,0,4,2,19,2.8302829265594482,0.7241379310344828
frozen,0,4,2,20,2.828709363937378,0.7413793103448276
frozen,0,4,2,21,2.8271384239196777,0.7586206896551724
frozen,0,4,2,22,2.8255696296691895,0.7758620689655172
frozen,0,4,2,23,2.824002981185913,0.7758620689655172
frozen,0,4,2,24,2.8224384784698486,0.7758620689655172
frozen,0,4,2,25,2.8208765983581543,0.7758620689655172
frozen,0,4,2,26,2.8193166255950928,0.7758620689655172
frozen,0,4,2,27,2.8177590370178223,0.7931034482758621
frozen,0,4,2,28,2.8162038326263428,0.7931034482758621
frozen,0,4,2,29,2.8146510124206543,0.7931034482758621
frozen,0,4,2,30,2.8131003379821777,0.7931034482758621
frozen,0,4,2,31,2.811551809310913,0.7931034482758621
frozen,0,4,2,32,2.8100059032440186,0.7931034482758621
frozen,0,4,2,33,2.808461904525757,0.7931034482758621
frozen,0,4,2,34,2.8069205284118652,0.7931034482758621
frozen,0,4,2,35,2.8053812980651855,0.8103448275862069
frozen,0,4,2,36,2.803844451904297,0.8103448275862069
frozen,0,4,2,37,2.802309513092041,0.8103448275862069
frozen,0,4,2,38,2.8007771968841553,0.8103448275862069
frozen,0,4,2,39,2.7992472648620605,0.8103448275862069
frozen,0,4,2,40,2.7977194786071777,0.8103448275862069
frozen,0,4,2,41,2.796193838119507,0.8275862068965517
frozen,0,4,2,42,2.794670343399048,0.8275862068965517
frozen,0,4,2,43,2.793148994445801,0.8275862068965517
frozen,0,4,2,44,2.791630506515503,0.8275862068965517
frozen,0,4,2,45,2.790113687515259,0.8275862068965517
frozen,0,4,2,46,2.7885992527008057,0.8275862068965517
frozen,0,4,2,47,2.7870874404907227,0.8275862068965517
frozen,0,4,2,48,2.7855775356292725,0.8275862068965517
frozen,0,4,2,49,2.784069299697876,0.8275862068965517
frozen,0,4,2,50,2.7825639247894287,0.8275862068965517
frozen,0,4,2,51,2.7810606956481934,0.8275862068965517
frozen,0,4,2,52,2.779559373855591,0.8275862068965517
frozen,0,4,2,53,2.7780604362487793,0.8275862068965517
frozen,0,4,2,54,2.7765636444091797,0.8275862068965517
frozen,0,4,2,55,2.775068759918213,0.8275862068965517
frozen,0,4,2,56,2.773576498031616,0.8275862068965517
adapted,0,4,0,1,2.922731637954712,0.5818181818181818
adapted,0,4,0,2,2.918370008468628,0.6363636363636364
adapted,0,4,0,3,2.9139797687530518,0.6727272727272727
adapted,0,4,0,4,2.9095237255096436,0.7272727272727273
adapted,0,4,0,5,2.9049735069274902,0.7636363636363637
adapted,0,4,0,6,2.9002935886383057,0.7818181818181819
adapted,0,4,0,7,2.895451784133911,0.8
adapted,0,4,0,8,2.8904244899749756,0.8181818181818182
adapted,0,4,0,9,2.8851687908172607,0.8363636363636363
adapted,0,4,0,10,2.8796544075012207,0.8363636363636363
adapted,0,4,0,11,2.8738555908203125,0.8545454545454545
adapted,0,4,0,12,2.867736339569092,0.8545454545454545
adapted,0,4,0,13,2.861274003982544,0.8545454545454545
adapted,0,4,0,14,2.854435443878174,0.8363636363636363
adapted,0,4,0,15,2.8471953868865967,0.8363636363636363
adapted,0,4,0,16,2.839520215988159,0.8363636363636363
adapted,0,4,0,17,2.8313913345336914,0.8363636363636363
adapted,0,4,0,18,2.8227741718292236,0.8363636363636363
adapted,0,4,0,19,2.8136563301086426,0.8363636363636363
adapted,0,4,0,20,2.8040060997009277,0.8363636363636363
adapted,0,4,0,21,2.7938010692596436,0.8363636363636363
adapted,0,4,0,22,2.7830281257629395,0.8363636363636363
adapted,0,4,0,23,2.771662473678589,0.8363636363636363
adapted,0,4,0,24,2.759683132171631,0.8363636363636363
adapted,0,4,0,25,2.7470924854278564,0.8363636363636363
adapted,0,4,0,26,2.733858108520508,0.8363636363636363
adapted,0,4,1,1,2.944368839263916,0.42857142857142855
adapted,0,4,1,2,2.939842939376831,0.42857142857142855
adapted,0,4,1,3,2.9353322982788086,0.42857142857142855
adapted,0,4,1,4,2.9307944774627686,0.4523809523809524
adapted,0,4,1,5,2.9261960983276367,0.47619047619047616
adapted,0,4,1,6,2.9215011596679688,0.5
adapted,0,4,1,7,2.91667103767395,0.5
adapted,0,4,1,8,2.9116744995117188,0.5
adapted,0,4,1,9,2.9064724445343018,0.5238095238095238
adapted,0,4,1,10,2.901035785675049,0.5476190476190477
adapted,0,4,1,11,2.8953332901000977,0.5476190476190477
adapted,0,4,1,12,2.8893368244171143,0.5476190476190477
adapted,0,4,1,13,2.883023262023926,0.5476190476190477
adapted,0,4,1,14,2.876364231109619,0.5714285714285714
adapted,0,4,1,15,2.8693349361419678,0.5714285714285714
adapted,0,4,1,16,2.8619067668914795,0.5714285714285714
adapted,0,4,1,17,2.8540611267089844,0.5714285714285714
adapted,0,4,1,18,2.845770835876465,0.5714285714285714
adapted,0,4,1,19,2.837038278579712,0.5714285714285714
adapted,0,4,1,20,2.8278393745422363,0.5714285714285714
adapted,0,4,1,21,2.8181564807891846,0.5952380952380952
adapted,0,4,1,22,2.80798077583313,0.5952380952380952
adapted,0,4,1,23,2.7972898483276367,0.5952380952380952
adapted,0,4,1,24,2.786080837249756,0.5952380952380952
adapted,0,4,1,25,2.7743561267852783,0.5952380952380952
adapted,0,4,1,26,2.7621049880981445,0.5952380952380952
adapted,0,4,1,27,2.7493553161621094,0.5952380952380952
adapted,0,4,1,28,2.736097574234009,0.5952380952380952
adapted,0,4,1,29,2.7223403453826904,0.5952380952380952
adapted,0,4,1,30,2.7081072330474854,0.5952380952380952
adapted,0,4,1,31,2.6933798789978027,0.5952380952380952
adapted,0,4,1,32,2.6781723499298096,0.5952380952380952
adapted,0,4,1,33,2.66251277923584,0.5952380952380952
adapted,0,4,1,34,2.64642333984375,0.5952380952380952
adapted,0,4,1,35,2.6299476623535156,0.5952380952380952
adapted,0,4,1,36,2.613107442855835,0.5952380952380952
adapted,0,4,2,1,2.858970880508423,0.3620689655172414
adapted,0,4,2,2,2.855093479156494,0.5
adapted,0,4,2,3,2.8512704372406006,0.5517241379310345
adapted,0,4,2,4,2.84747052192688,0.6206896551724138
adapted,0,4,2,5,2.8436639308929443,0.6379310344827587
adapted,0,4,2,6,2.839810609817505,0.6379310344827587
adapted,0,4,2,7,2.835880994796753,0.6379310344827587
adapted,0,4,2,8,2.831840753555298,0.6551724137931034
adapted,0,4,2,9,2.827651023864746,0.6724137931034483
adapted,0,4,2,10,2.8232812881469727,0.6724137931034483
adapted,0,4,2,11,2.8187005519866943,0.6724137931034483
adapted,0,4,2,12,2.813877582550049,0.6724137931034483
adapted,0,4,2,13,2.808783769607544,0.6724137931034483
adapted,0,4,2,14,2.8033969402313232,0.6724137931034483
adapted,0,4,2,15,2.7976808547973633,0.6724137931034483
adapted,0,4,2,16,2.7916228771209717,0.6724137931034483
adapted,0,4,2,17,2.7852020263671875,0.6724137931034483
adapted,0,4,2,18,2.778388738632202,0.6724137931034483
adapted,0,4,2,19,2.7711617946624756,0.6724137931034483
adapted,0,4,2,20,2.763507604598999,0.6724137931034483
adapted,0,4,2,21,2.7553975582122803,0.6724137931034483
adapted,0,4,2,22,2.746817111968994,0.6724137931034483
adapted,0,4,2,23,2.7377541065216064,0.6724137931034483
adapted,0,4,2,24,2.7281851768493652,0.6724137931034483
frozen,1,0,0,1,2.9745991230010986,0.42857142857142855
frozen,1,0,0,2,2.972682476043701,0.4489795918367347
frozen,1,0,0,3,2.9707682132720947,0.4897959183673469
frozen,1,0,0,4,2.9688563346862793,0.5102040816326531
frozen,1,0,0,5,2.966947078704834,0.4897959183673469
frozen,1,0,0,6,2.9650402069091797,0.5510204081632653
frozen,1,0,0,7,2.9631357192993164,0.6122448979591837
frozen,1,0,0,8,2.9612340927124023,0.6938775510204082
frozen,1,0,0,9,2.9593348503112793,0.7551020408163265
frozen,1,0,0,10,2.9574379920959473,0.7959183673469388
frozen,1,0,0,11,2.9555439949035645,0.8163265306122449
frozen,1,0,0,12,2.9536526203155518,0.8163265306122449
frozen,1,0,0,13,2.951763868331909,0.8163265306122449
frozen,1,0,0,14,2.9498777389526367,0.8367346938775511
frozen,1,0,0,15,2.9479942321777344,0.8367346938775511
frozen,1,0,0,16,2.946113348007202,0.8367346938775511
frozen,1,0,0,17,2.944235324859619,0.8367346938775511
frozen,1,0,0,18,2.9423601627349854,0.8367346938775511
frozen,1,0,0,19,2.9404873847961426,0.8367346938775511
frozen,1,0,0,20,2.938617467880249,0.8367346938775511
frozen,1,0,0,21,2.9367504119873047,0.8367346938775511
frozen,1,0,0,22,2.9348857402801514,0.8163265306122449
frozen,1,0,0,23,2.9330241680145264,0.8163265306122449
frozen,1,0,0,24,2.9311652183532715,0.8163265306122449
frozen,1,0,0,25,2.929309368133545,0.7959183673469388
frozen,1,0,0,26,2.9274559020996094,0.7959183673469388
frozen,1,0,0,27,2.925605297088623,0.7959183673469388
frozen,1,0,0,28,2.9237570762634277,0.8163265306122449
frozen,1,0,0,29,2.92191219329834,0.8163265306122449
frozen,1,0,1,1,2.9573309421539307,0.2978723404255319
frozen,1,0,1,2,2.9554731845855713,0.3829787234042553
frozen,1,0,1,3,2.953618049621582,0.425531914893617
frozen,1,0,1,4,2.9517648220062256,0.46808510638297873
frozen,1,0,1,5,2.9499146938323975,0.46808510638297873
frozen,1,0,1,6,2.9480669498443604,0.5319148936170213
frozen,1,0,1,7,2.9462218284606934,0.5319148936170213
frozen,1,0,1,8,2.9443793296813965,0.5531914893617021
frozen,1,0,1,9,2.9425394535064697,0.5531914893617021
frozen,1,0,1,10,2.940702199935913,0.5531914893617021
frozen,1,0,1,11,2.9388678073883057,0.5531914893617021
frozen,1,0,1,12,2.9370360374450684,0.5531914893617021
frozen,1,0,1,13,2.9352071285247803,0.574468085106383
frozen,1,0,1,14,2.9333810806274414,0.574468085106383
frozen,1,0,1,15,2.9315576553344727,0.5957446808510638
frozen,1,0,1,16,2.9297373294830322,0.5957446808510638
frozen,1,0,1,17,2.927919626235962,0.5957446808510638
frozen,1,0,1,18,2.926105260848999,0.5957446808510638
frozen,1,0,1,19,2.9242935180664062,0.5957446808510638
frozen,1,0,1,20,2.9224846363067627,0.5957446808510638
frozen,1,0,1,21,2.9206786155700684,0.5957446808510638
frozen,1,0,1,22,2.9188759326934814,0.5957446808510638
frozen,1,0,1,23,2.9170761108398438,0.5957446808510638
frozen,1,0,1,24,2.9152791500091553,0.5957446808510638
frozen,1,0,1,25,2.913485050201416,0.5957446808510638
frozen,1,0,1,26,2.9116945266723633,0.5957446808510638
frozen,1,0,1,27,2.9099066257476807,0.6170212765957447
frozen,1,0,1,28,2.9081215858459473,0.6170212765957447
frozen,1,0,1,29,2.9063401222229004,0.6382978723404256
frozen,1,0,1,30,2.9045610427856445,0.6382978723404256
frozen,1,0,1,31,2.9027857780456543,0.6595744680851063
frozen,1,0,1,32,2.901013135910034,0.6595744680851063
frozen,1,0,1,33,2.8992433547973633,0.6595744680851063
frozen,1,0,1,34,2.8974769115448,0.6595744680851063
frozen,1,0,1,35,2.8957135677337646,0.6808510638297872
frozen,1,0,1,36,2.8939530849456787,0.6808510638297872
frozen,1,0,1,37,2.8921959400177,0.6808510638297872
frozen,1,0,1,38,2.890441656112671,0.6808510638297872
frozen,1,0,1,39,2.888690233230591,0.6808510638297872
frozen,1,0,1,40,2.886942148208618,0.6808510638297872
frozen,1,0,1,41,2.8851969242095947,0.6808510638297872
frozen,1,0,1,42,2.8834550380706787,0.6808510638297872
frozen,1,0,1,43,2.881716012954712,0.6808510638297872
frozen,1,0,1,44,2.8799798488616943,0.6808510638297872
frozen,1,0,1,45,2.8782472610473633,0.6808510638297872
frozen,1,0,1,46,2.8765172958374023,0.6808510638297872
frozen,1,0,1,47,2.8747904300689697,0.6808510638297872
frozen,1,0,1,48,2.8730666637420654,0.6808510638297872
frozen,1,0,1,49,2.8713455200195312,0.6808510638297872
frozen,1,0,1,50,2.8696279525756836,0.6808510638297872
frozen,1,0,2,1,2.837148904800415,0.7924528301886793
frozen,1,0,2,2,2.8352487087249756,0.7735849056603774
frozen,1,0,2,3,2.8333511352539062,0.8113207547169812
frozen,1,0,2,4,2.8314566612243652,0.8113207547169812
frozen,1,0,2,5,2.8295650482177734,0.8301886792452831
frozen,1,0,2,6,2.82767653465271,0.8301886792452831
frozen,1,0,2,7,2.8257906436920166,0.8490566037735849
frozen,1,0,2,8,2.8239080905914307,0.8490566037735849
frozen,1,0,2,9,2.822028636932373,0.8490566037735849
frozen,1,0,2,10,2.8201520442962646,0.8490566037735849
frozen,1,0,2,11,2.8182790279388428,0.8490566037735849
frozen,1,0,2,12,2.816408634185791,0.8679245283018868
frozen,1,0,2,13,2.814541816711426,0.8679245283018868
frozen,1,0,2,14,2.812678337097168,0.8490566037735849
frozen,1,0,2,15,2.8108179569244385,0.8301886792452831
frozen,1,0,2,16,2.8089609146118164,0.8113207547169812
frozen,1,0,2,17,2.8071069717407227,0.8113207547169812
frozen,1,0,2,18,2.8052568435668945,0.8113207547169812
frozen,1,0,2,19,2.8034098148345947,0.8113207547169812
frozen,1,0,2,20,2.8015663623809814,0.8301886792452831
frozen,1,0,2,21,2.799726724624634,0.8301886792452831
frozen,1,0,2,22,2.7978899478912354,0.8301886792452831
frozen,1,0,2,23,2.7960569858551025,0.8301886792452831
frozen,1,0,2,24,2.7942276000976562,0.8113207547169812
frozen,1,0,2,25,2.7924015522003174,0.8113207547169812
frozen,1,0,2,26,2.790579080581665,0.7924528301886793
frozen,1,0,2,27,2.788760185241699,0.7924528301886793
adapted,1,0,0,1,2.9745991230010986,0.4489795918367347
adapted,1,0,0,2,2.9701027870178223,0.5306122448979592
adapted,1,0,0,3,2.9656882286071777,0.5918367346938775
adapted,1,0,0,4,2.9613099098205566,0.6938775510204082
adapted,1,0,0,5,2.9569153785705566,0.7755102040816326
adapted,1,0,0,6,2.9524598121643066,0.7959183673469388
adapted,1,0,0,7,2.947903633117676,0.7959183673469388
adapted,1,0,0,8,2.943199872970581,0.7959183673469388
adapted,1,0,0,9,2.938317060470581,0.8163265306122449
adapted,1,0,0,10,2.9332149028778076,0.7959183673469388
adapted,1,0,0,11,2.9278476238250732,0.8163265306122449
adapted,1,0,0,12,2.9221835136413574,0.8163265306122449
adapted,1,0,0,13,2.916187286376953,0.8163265306122449
adapted,1,0,0,14,2.9098262786865234,0.7959183673469388
adapted,1,0,0,15,2.9030706882476807,0.7755102040816326
adapted,1,0,0,16,2.8958888053894043,0.7755102040816326
adapted,1,0,0,17,2.8882434368133545,0.7755102040816326
adapted,1,0,0,18,2.880101442337036,0.7755102040816326
adapted,1,0,0,19,2.87144136428833,0.7755102040816326
adapted,1,0,0,20,2.8622381687164307,0.7551020408163265
adapted,1,0,0,21,2.852442502975464,0.7551020408163265
adapted,1,0,0,22,2.842034339904785,0.7551020408163265
adapted,1,0,0,23,2.830972909927368,0.7551020408163265
adapted,1,0,0,24,2.8192496299743652,0.7551020408163265
adapted,1,0,1,1,2.9573309421539307,0.3829787234042553
adapted,1,0,1,2,2.952738046646118,0.46808510638297873
adapted,1,0,1,3,2.9481499195098877,0.5319148936170213
adapted,1,0,1,4,2.943527936935425,0.5319148936170213
adapted,1,0,1,5,2.938828229904175,0.5319148936170213
adapted,1,0,1,6,2.9340057373046875,0.5531914893617021
adapted,1,0,1,7,2.929018497467041,0.574468085106383
adapted,1,0,1,8,2.923823356628418,0.574468085106383
adapted,1,0,1,9,2.918381452560425,0.5957446808510638
adapted,1,0,1,10,2.9126601219177246,0.5957446808510638
adapted,1,0,1,11,2.906633138656616,0.5957446808510638
adapted,1,0,1,12,2.9002580642700195,0.6170212765957447
adapted,1,0,1,13,2.893512010574341,0.6170212765957447
adapted,1,0,1,14,2.8863718509674072,0.6382978723404256
adapted,1,0,1,15,2.8788092136383057,0.6382978723404256
adapted,1,0,1,16,2.8708081245422363,0.6382978723404256
adapted,1,0,1,17,2.8623456954956055,0.6382978723404256
adapted,1,0,1,18,2.853407859802246,0.6382978723404256
adapted,1,0,1,19,2.8439767360687256,0.6382978723404256
adapted,1,0,1,20,2.834042549133301,0.6382978723404256
adapted,1,0,1,21,2.823599338531494,0.6382978723404256
adapted,1,0,1,22,2.812629461288452,0.6595744680851063
adapted,1,0,1,23,2.8011107444763184,0.6595744680851063
adapted,1,0,1,24,2.7890563011169434,0.6595744680851063
adapted,1,0,1,25,2.776456832885742,0.6595744680851063
adapted,1,0,1,26,2.763315439224243,0.6595744680851063
adapted,1,0,1,27,2.7496440410614014,0.6595744680851063
adapted,1,0,1,28,2.7354345321655273,0.6595744680851063
adapted,1,0,1,29,2.720691442489624,0.6595744680851063
adapted,1,0,1,30,2.7054178714752197,0.6595744680851063
adapted,1,0,1,31,2.689640522003174,0.6595744680851063
adapted,1,0,1,32,2.673358678817749,0.6595744680851063
adapted,1,0,1,33,2.6565847396850586,0.6595744680851063
adapted,1,0,1,34,2.6393280029296875,0.6595744680851063
adapted,1,0,1,35,2.6216001510620117,0.6808510638297872
adapted,1,0,1,36,2.6034421920776367,0.6808510638297872
adapted,1,0,1,37,2.584857225418091,0.6808510638297872
adapted,1,0,1,38,2.5658721923828125,0.6808510638297872
adapted,1,0,1,39,2.5464935302734375,0.6808510638297872
adapted,1,0,1,40,2.5267293453216553,0.6808510638297872
adapted,1,0,1,41,2.5066027641296387,0.6808510638297872
adapted,1,0,1,42,2.4861514568328857,0.6808510638297872
adapted,1,0,1,43,2.46535587310791,0.7021276595744681
adapted,1,0,1,44,2.4442529678344727,0.7021276595744681
adapted,1,0,1,45,2.4228479862213135,0.7021276595744681
adapted,1,0,1,46,2.401153802871704,0.7021276595744681
adapted,1,0,1,47,2.3792014122009277,0.7021276595744681
adapted,1,0,1,48,2.3569998741149902,0.7021276595744681
adapted,1,0,1,49,2.334597587585449,0.7021276595744681
adapted,1,0,1,50,2.3119888305664062,0.7021276595744681
adapted,1,0,1,51,2.2892022132873535,0.7021276595744681
adapted,1,0,1,52,2.2662477493286133,0.7021276595744681
adapted,1,0,1,53,2.2431604862213135,0.7021276595744681
adapted,1,0,1,54,2.2199552059173584,0.7021276595744681
adapted,1,0,1,55,2.1966798305511475,0.7021276595744681
adapted,1,0,1,56,2.1733503341674805,0.7021276595744681
adapted,1,0,1,57,2.1500167846679688,0.7021276595744681
adapted,1,0,1,58,2.1266777515411377,0.7021276595744681
adapted,1,0,2,1,2.837148904800415,0.8113207547169812
adapted,1,0,2,2,2.832853078842163,0.8490566037735849
adapted,1,0,2,3,2.828519582748413,0.8490566037735849
adapted,1,0,2,4,2.8241078853607178,0.8490566037735849
adapted,1,0,2,5,2.819580316543579,0.8490566037735849
adapted,1,0,2,6,2.8148984909057617,0.8867924528301887
adapted,1,0,2,7,2.8100321292877197,0.8867924528301887
adapted,1,0,2,8,2.804947853088379,0.8867924528301887
adapted,1,0,2,9,2.7996160984039307,0.8867924528301887
adapted,1,0,2,10,2.7940115928649902,0.8490566037735849
adapted,1,0,2,11,2.7881019115448,0.8490566037735849
adapted,1,0,2,12,2.78186297416687,0.8490566037735849
adapted,1,0,2,13,2.775275230407715,0.8490566037735849
adapted,1,0,2,14,2.768322706222534,0.8490566037735849
adapted,1,0,2,15,2.7609894275665283,0.8490566037735849
adapted,1,0,2,16,2.753251075744629,0.8490566037735849
adapted,1,0,2,17,2.7451131343841553,0.8490566037735849
adapted,1,0,2,18,2.7365570068359375,0.8490566037735849
adapted,1,0,2,19,2.7275843620300293,0.8490566037735849
adapted,1,0,2,20,2.7181739807128906,0.8490566037735849
adapted,1,0,2,21,2.7083287239074707,0.8490566037735849
frozen,1,1,0,1,2.8409054279327393,0.7966101694915254
frozen,1,1,0,2,2.8386969566345215,0.8813559322033898
frozen,1,1,0,3,2.836491346359253,0.864406779661017
frozen,1,1,0,4,2.83428955078125,0.864406779661017
frozen,1,1,0,5,2.8320910930633545,0.864406779661017
frozen,1,1,0,6,2.8298962116241455,0.864406779661017
frozen,1,1,0,7,2.827704906463623,0.847457627118644
frozen,1,1,0,8,2.825517177581787,0.847457627118644
frozen,1,1,0,9,2.8233330249786377,0.8305084745762712
frozen,1,1,0,10,2.821152448654175,0.8305084745762712
frozen,1,1,0,11,2.8189759254455566,0.8305084745762712
frozen,1,1,0,12,2.816802978515625,0.8305084745762712
frozen,1,1,0,13,2.814633846282959,0.8305084745762712
frozen,1,1,0,14,2.8124687671661377,0.8305084745762712
frozen,1,1,0,15,2.810307502746582,0.8135593220338984
frozen,1,1,0,16,2.8081507682800293,0.7966101694915254
frozen,1,1,0,17,2.805997371673584,0.7966101694915254
frozen,1,1,0,18,2.8038482666015625,0.7966101694915254
frozen,1,1,0,19,2.8017029762268066,0.7457627118644068
frozen,1,1,0,20,2.7995619773864746,0.7457627118644068
frozen,1,1,1,1,2.898132562637329,0.6981132075471698
frozen,1,1,1,2,2.8962321281433105,0.7358490566037735
frozen,1,1,1,3,2.894334554672241,0.7924528301886793
frozen,1,1,1,4,2.892439365386963,0.8113207547169812
frozen,1,1,1,5,2.890547037124634,0.8301886792452831
frozen,1,1,1,6,2.888657331466675,0.8301886792452831
frozen,1,1,1,7,2.886770486831665,0.8301886792452831
frozen,1,1,1,8,2.8848860263824463,0.8113207547169812
frozen,1,1,1,9,2.883004903793335,0.8113207547169812
frozen,1,1,1,10,2.8811264038085938,0.8113207547169812
frozen,1,1,1,11,2.8792507648468018,0.8301886792452831
frozen,1,1,1,12,2.877377986907959,0.8490566037735849
frozen,1,1,1,13,2.8755083084106445,0.8490566037735849
frozen,1,1,1,14,2.8736412525177,0.8490566037735849
frozen,1,1,1,15,2.8717775344848633,0.8490566037735849
frozen,1,1,1,16,2.8699166774749756,0.8490566037735849
frozen,1,1,1,17,2.868058919906616,0.8490566037735849
frozen,1,1,1,18,2.866204023361206,0.8490566037735849
frozen,1,1,1,19,2.864352226257324,0.8490566037735849
frozen,1,1,1,20,2.8625032901763916,0.8490566037735849
frozen,1,1,1,21,2.8606576919555664,0.8490566037735849
frozen,1,1,1,22,2.8588151931762695,0.8490566037735849
frozen,1,1,1,23,2.856975793838501,0.8490566037735849
frozen,1,1,1,24,2.85513973236084,0.8490566037735849
frozen,1,1,1,25,2.853306293487549,0.8490566037735849
frozen,1,1,1,26,2.8514761924743652,0.8490566037735849
frozen,1,1,1,27,2.84964919090271,0.8490566037735849
frozen,1,1,2,1,3.041100263595581,0.7073170731707317
frozen,1,1,2,2,3.0392823219299316,0.8048780487804879
frozen,1,1,2,3,3.037466526031494,0.8292682926829268
frozen,1,1,2,4,3.0356521606445312,0.8536585365853658
frozen,1,1,2,5,3.0338399410247803,0.8536585365853658
frozen,1,1,2,6,3.032029151916504,0.8780487804878049
frozen,1,1,2,7,3.0302207469940186,0.8780487804878049
frozen,1,1,2,8,3.028414011001587,0.8780487804878049
frozen,1,1,2,9,3.026608943939209,0.8536585365853658
frozen,1,1,2,10,3.024806022644043,0.8780487804878049
frozen,1,1,2,11,3.0230047702789307,0.8780487804878049
frozen,1,1,2,12,3.0212056636810303,0.8780487804878049
frozen,1,1,2,13,3.0194084644317627,0.8780487804878049
frozen,1,1,2,14,3.017613410949707,0.8780487804878049
frozen,1,1,2,15,3.015820264816284,0.8780487804878049
frozen,1,1,2,16,3.0140295028686523,0.9024390243902439
frozen,1,1,2,17,3.012240409851074,0.9024390243902439
frozen,1,1,2,18,3.010453224182129,0.9024390243902439
frozen,1,1,2,19,3.008669137954712,0.9024390243902439
frozen,1,1,2,20,3.0068862438201904,0.9024390243902439
frozen,1,1,2,21,3.00510573387146,0.926829268292683
frozen,1,1,2,22,3.0033278465270996,0.926829268292683
frozen,1,1,2,23,3.001551628112793,0.926829268292683
frozen,1,1,2,24,2.9997780323028564,0.926829268292683
frozen,1,1,2,25,2.9980063438415527,0.926829268292683
frozen,1,1,2,26,2.996236562728882,0.926829268292683
frozen,1,1,2,27,2.994469404220581,0.926829268292683
frozen,1,1,2,28,2.9927046298980713,0.926829268292683
frozen,1,1,2,29,2.9909417629241943,0.926829268292683
frozen,1,1,2,30,2.9891815185546875,0.926829268292683
frozen,1,1,2,31,2.9874231815338135,0.926829268292683
frozen,1,1,2,32,2.9856674671173096,0.926829268292683
frozen,1,1,2,33,2.9839136600494385,0.926829268292683
frozen,1,1,2,34,2.9821627140045166,0.926829268292683
frozen,1,1,2,35,2.9804136753082275,0.926829268292683
frozen,1,1,2,36,2.9786667823791504,0.926829268292683
adapted,1,1,0,1,2.8409054279327393,0.864406779661017
adapted,1,1,0,2,2.835770845413208,0.8813559322033898
adapted,1,1,0,3,2.83060359954834,0.847457627118644
adapted,1,1,0,4,2.8253583908081055,0.847457627118644
adapted,1,1,0,5,2.819990634918213,0.8305084745762712
adapted,1,1,0,6,2.814459800720215,0.8305084745762712
adapted,1,1,0,7,2.8087353706359863,0.8135593220338984
adapted,1,1,0,8,2.8027827739715576,0.7966101694915254
adapted,1,1,0,9,2.7965714931488037,0.7627118644067796
adapted,1,1,0,10,2.790067195892334,0.7627118644067796
adapted,1,1,0,11,2.7832446098327637,0.7627118644067796
adapted,1,1,0,12,2.7760701179504395,0.7627118644067796
adapted,1,1,0,13,2.7685275077819824,0.7627118644067796
adapted,1,1,0,14,2.760589599609375,0.7627118644067796
adapted,1,1,0,15,2.752235174179077,0.7627118644067796
adapted,1,1,0,16,2.743452548980713,0.7627118644067796
adapted,1,1,0,17,2.734224319458008,0.7457627118644068
adapted,1,1,0,18,2.7245349884033203,0.7457627118644068
adapted,1,1,0,19,2.714385986328125,0.7457627118644068
adapted,1,1,0,20,2.703772783279419,0.7457627118644068
adapted,1,1,1,1,2.898132562637329,0.7358490566037735
adapted,1,1,1,2,2.8937745094299316,0.7924528301886793
adapted,1,1,1,3,2.889394521713257,0.8113207547169812
adapted,1,1,1,4,2.8849549293518066,0.7924528301886793
adapted,1,1,1,5,2.8804068565368652,0.7924528301886793
adapted,1,1,1,6,2.875711679458618,0.7924528301886793
adapted,1,1,1,7,2.870833158493042,0.7924528301886793
adapted,1,1,1,8,2.8657331466674805,0.7924528301886793
adapted,1,1,1,9,2.8603813648223877,0.7924528301886793
adapted,1,1,1,10,2.854759454727173,0.7924528301886793
adapted,1,1,1,11,2.848820447921753,0.7924528301886793
adapted,1,1,1,12,2.842545986175537,0.7924528301886793
adapted,1,1,1,13,2.8359060287475586,0.7924528301886793
adapted,1,1,1,14,2.8288748264312744,0.7924528301886793
adapted,1,1,1,15,2.821422576904297,0.7924528301886793
adapted,1,1,1,16,2.8135411739349365,0.7924528301886793
adapted,1,1,1,17,2.8051984310150146,0.7924528301886793
adapted,1,1,1,18,2.7963812351226807,0.7924528301886793
adapted,1,1,1,19,2.7870635986328125,0.7924528301886793
adapted,1,1,1,20,2.7772305011749268,0.7924528301886793
adapted,1,1,2,1,3.041100263595581,0.7560975609756098
adapted,1,1,2,2,3.036961317062378,0.8536585365853658
adapted,1,1,2,3,3.0328481197357178,0.8780487804878049
adapted,1,1,2,4,3.028712272644043,0.8536585365853658
adapted,1,1,2,5,3.02451491355896,0.8780487804878049
adapted,1,1,2,6,3.0202105045318604,0.9024390243902439
adapted,1,1,2,7,3.0157630443573,0.9024390243902439
adapted,1,1,2,8,3.0111327171325684,0.926829268292683
adapted,1,1,2,9,3.006282091140747,0.9024390243902439
adapted,1,1,2,10,3.0011682510375977,0.9024390243902439
adapted,1,1,2,11,2.9957685470581055,0.9024390243902439
adapted,1,1,2,12,2.9900412559509277,0.9024390243902439
adapted,1,1,2,13,2.983959436416626,0.9024390243902439
adapted,1,1,2,14,2.977492570877075,0.9024390243902439
adapted,1,1,2,15,2.970613718032837,0.9024390243902439
adapted,1,1,2,16,2.963299036026001,0.9024390243902439
adapted,1,1,2,17,2.955528974533081,0.9024390243902439
adapted,1,1,2,18,2.947265386581421,0.9024390243902439
adapted,1,1,2,19,2.938488245010376,0.9024390243902439
adapted,1,1,2,20,2.929180860519409,0.9024390243902439
adapted,1,1,2,21,2.919314384460449,0.9024390243902439
adapted,1,1,2,22,2.9088752269744873,0.9024390243902439
adapted,1,1,2,23,2.8978590965270996,0.9024390243902439
frozen,1,2,0,1,2.8482584953308105,0.21428571428571427
frozen,1,2,0,2,2.8464226722717285,0.24285714285714285
frozen,1,2,0,3,2.8445894718170166,0.32857142857142857
frozen,1,2,0,4,2.8427581787109375,0.45714285714285713
frozen,1,2,0,5,2.8409295082092285,0.5428571428571428
frozen,1,2,0,6,2.8391036987304688,0.6285714285714286
frozen,1,2,0,7,2.8372802734375,0.6571428571428571
frozen,1,2,0,8,2.8354592323303223,0.6571428571428571
frozen,1,2,0,9,2.8336408138275146,0.7
frozen,1,2,0,10,2.831824779510498,0.7142857142857143
frozen,1,2,0,11,2.830012321472168,0.7285714285714285
frozen,1,2,0,12,2.82820200920105,0.7571428571428571
frozen,1,2,0,13,2.826394557952881,0.7714285714285715
frozen,1,2,0,14,2.824589490890503,0.7857142857142857
frozen,1,2,0,15,2.8227877616882324,0.8142857142857143
frozen,1,2,0,16,2.820988893508911,0.8142857142857143
frozen,1,2,0,17,2.819192886352539,0.8
frozen,1,2,0,18,2.817399263381958,0.8
frozen,1,2,0,19,2.8156089782714844,0.8
frozen,1,2,0,20,2.813821315765381,0.8285714285714286
frozen,1,2,0,21,2.8120369911193848,0.8285714285714286
frozen,1,2,0,22,2.810255289077759,0.8428571428571429
frozen,1,2,0,23,2.808476686477661,0.8571428571428571
frozen,1,2,0,24,2.806701183319092,0.8571428571428571
frozen,1,2,0,25,2.8049283027648926,0.8571428571428571
frozen,1,2,0,26,2.803158760070801,0.8571428571428571
frozen,1,2,0,27,2.801392078399658,0.8571428571428571
frozen,1,2,0,28,2.799628734588623,0.8571428571428571
frozen,1,2,0,29,2.797868013381958,0.8571428571428571
frozen,1,2,0,30,2.7961106300354004,0.8714285714285714
frozen,1,2,0,31,2.794356346130371,0.8714285714285714
frozen,1,2,0,32,2.792604923248291,0.8857142857142857
frozen,1,2,0,33,2.7908568382263184,0.8857142857142857
frozen,1,2,0,34,2.789111614227295,0.8857142857142857
frozen,1,2,0,35,2.7873692512512207,0.8857142857142857
frozen,1,2,0,36,2.785630464553833,0.8857142857142857
frozen,1,2,0,37,2.7838943004608154,0.8857142857142857
frozen,1,2,0,38,2.782161235809326,0.9
frozen,1,2,0,39,2.7804312705993652,0.9
frozen,1,2,0,40,2.7787044048309326,0.9
frozen,1,2,0,41,2.7769806385040283,0.9
frozen,1,2,0,42,2.7752597332000732,0.9
frozen,1,2,0,43,2.7735419273376465,0.9
frozen,1,2,0,44,2.771827459335327,0.9
frozen,1,2,0,45,2.770115613937378,0.9
frozen,1,2,0,46,2.7684073448181152,0.9
frozen,1,2,0,47,2.7667014598846436,0.9
frozen,1,2,0,48,2.7649989128112793,0.9
frozen,1,2,0,49,2.7632994651794434,0.9
frozen,1,2,0,50,2.7616024017333984,0.9
frozen,1,2,0,51,2.75990891456604,0.9
frozen,1,2,0,52,2.758218288421631,0.9
frozen,1,2,0,53,2.75653076171875,0.9
frozen,1,2,1,1,2.986081600189209,0.29545454545454547
frozen,1,2,1,2,2.9842331409454346,0.3409090909090909
frozen,1,2,1,3,2.9823873043060303,0.4090909090909091
frozen,1,2,1,4,2.980544090270996,0.45454545454545453
frozen,1,2,1,5,2.978703498840332,0.5227272727272727
frozen,1,2,1,6,2.976865530014038,0.5681818181818182
frozen,1,2,1,7,2.9750304222106934,0.6363636363636364
frozen,1,2,1,8,2.9731979370117188,0.6818181818181818
frozen,1,2,1,9,2.971367835998535,0.6818181818181818
frozen,1,2,1,10,2.969541311264038,0.6818181818181818
frozen,1,2,1,11,2.967716932296753,0.7045454545454546
frozen,1,2,1,12,2.965895891189575,0.7272727272727273
frozen,1,2,1,13,2.9640777111053467,0.7272727272727273
frozen,1,2,1,14,2.9622621536254883,0.7272727272727273
frozen,1,2,1,15,2.9604499340057373,0.7272727272727273
frozen,1,2,1,16,2.9586403369903564,0.75
frozen,1,2,1,17,2.956834316253662,0.75
frozen,1,2,1,18,2.955030679702759,0.75
frozen,1,2,1,19,2.953230857849121,0.75
frozen,1,2,1,20,2.9514334201812744,0.75
frozen,1,2,1,21,2.949639320373535,0.75
frozen,1,2,1,22,2.9478485584259033,0.75
frozen,1,2,1,23,2.9460608959198,0.75
frozen,1,2,1,24,2.9442758560180664,0.75
frozen,1,2,1,25,2.9424943923950195,0.75
frozen,1,2,1,26,2.940716028213501,0.75
frozen,1,2,1,27,2.938941240310669,0.75
frozen,1,2,1,28,2.937169075012207,0.75
frozen,1,2,1,29,2.9354004859924316,0.75
frozen,1,2,1,30,2.9336349964141846,0.75
frozen,1,2,1,31,2.931872606277466,0.75
frozen,1,2,2,1,2.940500497817993,0.6530612244897959
frozen,1,2,2,2,2.938586950302124,0.7755102040816326
frozen,1,2,2,3,2.9366750717163086,0.7551020408163265
frozen,1,2,2,4,2.934764862060547,0.7346938775510204
frozen,1,2,2,5,2.932856559753418,0.7551020408163265
frozen,1,2,2,6,2.9309499263763428,0.7755102040816326
frozen,1,2,2,7,2.9290452003479004,0.7755102040816326
frozen,1,2,2,8,2.927142381668091,0.7959183673469388
frozen,1,2,2,9,2.925241708755493,0.7755102040816326
frozen,1,2,2,10,2.9233434200286865,0.7755102040816326
frozen,1,2,2,11,2.9214463233947754,0.7755102040816326
frozen,1,2,2,12,2.9195516109466553,0.7755102040816326
frozen,1,2,2,13,2.917658805847168,0.7959183673469388
frozen,1,2,2,14,2.9157679080963135,0.7959183673469388
frozen,1,2,2,15,2.91387939453125,0.7755102040816326
frozen,1,2,2,16,2.9119932651519775,0.7755102040816326
frozen,1,2,2,17,2.910108804702759,0.7755102040816326
frozen,1,2,2,18,2.908226728439331,0.7755102040816326
frozen,1,2,2,19,2.906346559524536,0.7755102040816326
frozen,1,2,2,20,2.9044687747955322,0.7755102040816326
frozen,1,2,2,21,2.9025933742523193,0.7959183673469388
frozen,1,2,2,22,2.9007201194763184,0.7959183673469388
frozen,1,2,2,23,2.89884877204895,0.7959183673469388
adapted,1,2,0,1,2.8482584953308105,0.2571428571428571
adapted,1,2,0,2,2.8440234661102295,0.38571428571428573
adapted,1,2,0,3,2.839824914932251,0.5714285714285714
adapted,1,2,0,4,2.835618019104004,0.6285714285714286
adapted,1,2,0,5,2.8313546180725098,0.6571428571428571
adapted,1,2,0,6,2.826997995376587,0.7428571428571429
adapted,1,2,0,7,2.8225042819976807,0.7285714285714285
adapted,1,2,0,8,2.8178346157073975,0.7571428571428571
adapted,1,2,0,9,2.812960386276245,0.7857142857142857
adapted,1,2,0,10,2.8078434467315674,0.8
adapted,1,2,0,11,2.8024516105651855,0.8142857142857143
adapted,1,2,0,12,2.7967536449432373,0.8285714285714286
adapted,1,2,0,13,2.7907230854034424,0.8285714285714286
adapted,1,2,0,14,2.784318447113037,0.8428571428571429
adapted,1,2,0,15,2.777519702911377,0.8428571428571429
adapted,1,2,0,16,2.770310878753662,0.8714285714285714
adapted,1,2,0,17,2.7626678943634033,0.8714285714285714
adapted,1,2,0,18,2.7545666694641113,0.8714285714285714
adapted,1,2,0,19,2.7459843158721924,0.8714285714285714
adapted,1,2,0,20,2.7369191646575928,0.8714285714285714
adapted,1,2,0,21,2.727351427078247,0.8714285714285714
adapted,1,2,0,22,2.717266798019409,0.8714285714285714
adapted,1,2,0,23,2.70666241645813,0.8857142857142857
adapted,1,2,0,24,2.6955161094665527,0.8857142857142857
adapted,1,2,0,25,2.683838367462158,0.8857142857142857
adapted,1,2,0,26,2.6716275215148926,0.8857142857142857
adapted,1,2,0,27,2.6588847637176514,0.8857142857142857
adapted,1,2,0,28,2.6456031799316406,0.8857142857142857
adapted,1,2,0,29,2.631800651550293,0.8857142857142857
adapted,1,2,0,30,2.6174750328063965,0.9
adapted,1,2,0,31,2.6026549339294434,0.9
adapted,1,2,0,32,2.58734393119812,0.9
adapted,1,2,0,33,2.571549892425537,0.9
adapted,1,2,0,34,2.5552940368652344,0.9
adapted,1,2,0,35,2.5385921001434326,0.9
adapted,1,2,0,36,2.521461009979248,0.9
adapted,1,2,0,37,2.5039138793945312,0.9
adapted,1,2,0,38,2.4859516620635986,0.9
adapted,1,2,0,39,2.467602252960205,0.9
adapted,1,2,0,40,2.4488768577575684,0.9142857142857143
adapted,1,2,0,41,2.429791212081909,0.9142857142857143
adapted,1,2,0,42,2.4103496074676514,0.9142857142857143
adapted,1,2,0,43,2.390551805496216,0.9142857142857143
adapted,1,2,0,44,2.370396375656128,0.9142857142857143
adapted,1,2,0,45,2.3498826026916504,0.9142857142857143
adapted,1,2,0,46,2.3290131092071533,0.9142857142857143
adapted,1,2,0,47,2.3077640533447266,0.9142857142857143
adapted,1,2,0,48,2.2861523628234863,0.9142857142857143
adapted,1,2,0,49,2.264147996902466,0.9
adapted,1,2,0,50,2.241755962371826,0.9
adapted,1,2,0,51,2.2189791202545166,0.9
adapted,1,2,0,52,2.195831298828125,0.9
adapted,1,2,0,53,2.1723108291625977,0.9
adapted,1,2,0,54,2.1484076976776123,0.9
adapted,1,2,0,55,2.124185085296631,0.9
adapted,1,2,1,1,2.986081600189209,0.3409090909090909
adapted,1,2,1,2,2.981820583343506,0.4772727272727273
adapted,1,2,1,3,2.9775540828704834,0.5909090909090909
adapted,1,2,1,4,2.973247528076172,0.6818181818181818
adapted,1,2,1,5,2.968862771987915,0.7272727272727273
adapted,1,2,1,6,2.9643607139587402,0.75
adapted,1,2,1,7,2.959707021713257,0.75
adapted,1,2,1,8,2.95487117767334,0.75
adapted,1,2,1,9,2.949822187423706,0.75
adapted,1,2,1,10,2.944531202316284,0.75
adapted,1,2,1,11,2.938969373703003,0.75
adapted,1,2,1,12,2.9331090450286865,0.75
adapted,1,2,1,13,2.926922082901001,0.7727272727272727
adapted,1,2,1,14,2.9203836917877197,0.7727272727272727
adapted,1,2,1,15,2.9134714603424072,0.7727272727272727
adapted,1,2,1,16,2.9061622619628906,0.7727272727272727
adapted,1,2,1,17,2.898439407348633,0.7954545454545454
adapted,1,2,1,18,2.89028000831604,0.7954545454545454
adapted,1,2,1,19,2.881664514541626,0.7954545454545454
adapted,1,2,1,20,2.87259578704834,0.7954545454545454
adapted,1,2,1,21,2.863051414489746,0.7954545454545454
adapted,1,2,1,22,2.85302734375,0.7954545454545454
adapted,1,2,1,23,2.842506170272827,0.7954545454545454
adapted,1,2,1,24,2.831477403640747,0.7954545454545454
adapted,1,2,1,25,2.819951295852661,0.7954545454545454
adapted,1,2,1,26,2.8079028129577637,0.7954545454545454
adapted,1,2,1,27,2.7953555583953857,0.7954545454545454
adapted,1,2,1,28,2.782280921936035,0.7954545454545454
adapted,1,2,1,29,2.768684148788452,0.7727272727272727
adapted,1,2,1,30,2.7545831203460693,0.7727272727272727
adapted,1,2,1,31,2.7399656772613525,0.7727272727272727
adapted,1,2,1,32,2.7248446941375732,0.7727272727272727
adapted,1,2,2,1,2.940500497817993,0.7755102040816326
adapted,1,2,2,2,2.936123847961426,0.7346938775510204
adapted,1,2,2,3,2.9317307472229004,0.7755102040816326
adapted,1,2,2,4,2.927274465560913,0.7755102040816326
adapted,1,2,2,5,2.922708034515381,0.7755102040816326
adapted,1,2,2,6,2.9179930686950684,0.7755102040816326
adapted,1,2,2,7,2.9130873680114746,0.7755102040816326
adapted,1,2,2,8,2.907947540283203,0.7551020408163265
adapted,1,2,2,9,2.9025423526763916,0.7551020408163265
adapted,1,2,2,10,2.8968374729156494,0.7551020408163265
adapted,1,2,2,11,2.890796661376953,0.7551020408163265
adapted,1,2,2,12,2.8843865394592285,0.7551020408163265
adapted,1,2,2,13,2.8775815963745117,0.7551020408163265
adapted,1,2,2,14,2.8703384399414062,0.7551020408163265
adapted,1,2,2,15,2.8626348972320557,0.7551020408163265
adapted,1,2,2,16,2.8544585704803467,0.7551020408163265
adapted,1,2,2,17,2.8457765579223633,0.7551020408163265
adapted,1,2,2,18,2.8365590572357178,0.7551020408163265
adapted,1,2,2,19,2.8267877101898193,0.7551020408163265
adapted,1,2,2,20,2.8164422512054443,0.7551020408163265
frozen,1,3,0,1,2.883470058441162,0.6610169491525424
frozen,1,3,0,2,2.8816094398498535,0.6779661016949152
frozen,1,3,0,3,2.8797521591186523,0.6949152542372882
frozen,1,3,0,4,2.877897262573242,0.711864406779661
frozen,1,3,0,5,2.8760452270507812,0.7457627118644068
frozen,1,3,0,6,2.8741958141326904,0.7627118644067796
frozen,1,3,0,7,2.872349500656128,0.7627118644067796
frozen,1,3,0,8,2.8705058097839355,0.7627118644067796
frozen,1,3,0,9,2.8686654567718506,0.7796610169491526
frozen,1,3,0,10,2.8668277263641357,0.7966101694915254
frozen,1,3,0,11,2.86499285697937,0.7966101694915254
frozen,1,3,0,12,2.863161325454712,0.7966101694915254
frozen,1,3,0,13,2.861332654953003,0.7966101694915254
frozen,1,3,0,14,2.8595070838928223,0.7966101694915254
frozen,1,3,0,15,2.857684373855591,0.7966101694915254
frozen,1,3,0,16,2.8558647632598877,0.8135593220338984
frozen,1,3,0,17,2.854048252105713,0.8135593220338984
frozen,1,3,0,18,2.8522350788116455,0.8135593220338984
frozen,1,3,0,19,2.8504245281219482,0.8135593220338984
frozen,1,3,0,20,2.8486177921295166,0.8305084745762712
frozen,1,3,0,21,2.846813678741455,0.847457627118644
frozen,1,3,0,22,2.84501314163208,0.847457627118644
frozen,1,3,0,23,2.8432157039642334,0.864406779661017
frozen,1,3,0,24,2.841421604156494,0.864406779661017
frozen,1,3,0,25,2.839630365371704,0.864406779661017
frozen,1,3,0,26,2.8378424644470215,0.864406779661017
frozen,1,3,0,27,2.836057662963867,0.864406779661017
frozen,1,3,0,28,2.8342764377593994,0.864406779661017
frozen,1,3,0,29,2.832498073577881,0.864406779661017
frozen,1,3,0,30,2.830723285675049,0.864406779661017
frozen,1,3,0,31,2.828951597213745,0.864406779661017
frozen,1,3,0,32,2.827183246612549,0.8813559322033898
frozen,1,3,0,33,2.8254177570343018,0.8813559322033898
frozen,1,3,0,34,2.823655605316162,0.8813559322033898
frozen,1,3,0,35,2.821897268295288,0.8813559322033898
frozen,1,3,0,36,2.820141553878784,0.8813559322033898
frozen,1,3,0,37,2.8183891773223877,0.8813559322033898
frozen,1,3,0,38,2.8166401386260986,0.8813559322033898
frozen,1,3,0,39,2.814894199371338,0.8813559322033898
frozen,1,3,0,40,2.8131515979766846,0.8813559322033898
frozen,1,3,0,41,2.8114120960235596,0.8813559322033898
frozen,1,3,0,42,2.809675693511963,0.864406779661017
frozen,1,3,0,43,2.8079426288604736,0.864406779661017
frozen,1,3,0,44,2.8062124252319336,0.864406779661017
frozen,1,3,0,45,2.80448579788208,0.864406779661017
frozen,1,3,0,46,2.8027617931365967,0.864406779661017
frozen,1,3,0,47,2.8010411262512207,0.864406779661017
frozen,1,3,1,1,2.810360908508301,0.6511627906976745
frozen,1,3,1,2,2.808513641357422,0.6744186046511628
frozen,1,3,1,3,2.806668281555176,0.6511627906976745
frozen,1,3,1,4,2.804826021194458,0.6511627906976745
frozen,1,3,1,5,2.8029863834381104,0.6511627906976745
frozen,1,3,1,6,2.8011491298675537,0.6511627906976745
frozen,1,3,1,7,2.7993147373199463,0.627906976744186
frozen,1,3,1,8,2.797482967376709,0.627906976744186
frozen,1,3,1,9,2.795654058456421,0.627906976744186
frozen,1,3,1,10,2.793828010559082,0.6511627906976745
frozen,1,3,1,11,2.7920050621032715,0.6511627906976745
frozen,1,3,1,12,2.790184736251831,0.6511627906976745
frozen,1,3,1,13,2.788367509841919,0.6511627906976745
frozen,1,3,1,14,2.786553144454956,0.6744186046511628
frozen,1,3,1,15,2.7847421169281006,0.6744186046511628
frozen,1,3,1,16,2.782933235168457,0.6744186046511628
frozen,1,3,1,17,2.781128168106079,0.6744186046511628
frozen,1,3,1,18,2.7793259620666504,0.6744186046511628
frozen,1,3,1,19,2.777526617050171,0.6744186046511628
frozen,1,3,1,20,2.7757303714752197,0.6976744186046512
frozen,1,3,1,21,2.773937463760376,0.6976744186046512
frozen,1,3,1,22,2.7721478939056396,0.6976744186046512
frozen,1,3,1,23,2.7703609466552734,0.6976744186046512
frozen,1,3,1,24,2.7685773372650146,0.6976744186046512
frozen,1,3,1,25,2.766796827316284,0.6976744186046512
frozen,1,3,1,26,2.765019416809082,0.6976744186046512
frozen,1,3,1,27,2.7632455825805664,0.6976744186046512
frozen,1,3,1,28,2.761474609375,0.6976744186046512
frozen,1,3,1,29,2.759706974029541,0.6976744186046512
frozen,1,3,1,30,2.7579424381256104,0.6976744186046512
frozen,1,3,1,31,2.756181240081787,0.6976744186046512
frozen,1,3,1,32,2.754422903060913,0.6976744186046512
frozen,1,3,1,33,2.7526683807373047,0.6976744186046512
frozen,1,3,1,34,2.7509167194366455,0.6976744186046512
frozen,1,3,1,35,2.749168634414673,0.6976744186046512
frozen,1,3,2,1,2.8298699855804443,0.5
frozen,1,3,2,2,2.8281331062316895,0.5217391304347826
frozen,1,3,2,3,2.8263981342315674,0.5652173913043478
frozen,1,3,2,4,2.824665069580078,0.6086956521739131
frozen,1,3,2,5,2.822934150695801,0.6739130434782609
frozen,1,3,2,6,2.821204900741577,0.6956521739130435
frozen,1,3,2,7,2.8194777965545654,0.7391304347826086
frozen,1,3,2,8,2.8177523612976074,0.7608695652173914
frozen,1,3,2,9,2.8160295486450195,0.782608695652174
frozen,1,3,2,10,2.8143081665039062,0.782608695652174
frozen,1,3,2,11,2.812589168548584,0.782608695652174
frozen,1,3,2,12,2.8108723163604736,0.782608695652174
frozen,1,3,2,13,2.809157371520996,0.782608695652174
frozen,1,3,2,14,2.8074450492858887,0.8043478260869565
frozen,1,3,2,15,2.805734395980835,0.8043478260869565
frozen,1,3,2,16,2.8040263652801514,0.8260869565217391
frozen,1,3,2,17,2.8023202419281006,0.8260869565217391
frozen,1,3,2,18,2.800616502761841,0.8260869565217391
frozen,1,3,2,19,2.798915147781372,0.8260869565217391
frozen,1,3,2,20,2.7972159385681152,0.8260869565217391
frozen,1,3,2,21,2.7955188751220703,0.8478260869565217
frozen,1,3,2,22,2.7938239574432373,0.8478260869565217
frozen,1,3,2,23,2.7921319007873535,0.8478260869565217
frozen,1,3,2,24,2.7904417514801025,0.8260869565217391
frozen,1,3,2,25,2.7887537479400635,0.8260869565217391
frozen,1,3,2,26,2.7870688438415527,0.8260869565217391
frozen,1,3,2,27,2.785385847091675,0.8260869565217391
frozen,1,3,2,28,2.783704996109009,0.8260869565217391
frozen,1,3,2,29,2.782026767730713,0.8260869565217391
frozen,1,3,2,30,2.780350685119629,0.8260869565217391
frozen,1,3,2,31,2.778677225112915,0.8260869565217391
frozen,1,3,2,32,2.777005910873413,0.8260869565217391
frozen,1,3,2,33,2.7753372192382812,0.8260869565217391
frozen,1,3,2,34,2.7736709117889404,0.8260869565217391
frozen,1,3,2,35,2.7720067501068115,0.8260869565217391
frozen,1,3,2,36,2.7703452110290527,0.8260869565217391
adapted,1,3,0,1,2.883470058441162,0.6610169491525424
adapted,1,3,0,2,2.8790953159332275,0.7288135593220338
adapted,1,3,0,3,2.87467885017395,0.7627118644067796
adapted,1,3,0,4,2.870183229446411,0.7796610169491526
adapted,1,3,0,5,2.8655788898468018,0.7966101694915254
adapted,1,3,0,6,2.8608360290527344,0.8135593220338984
adapted,1,3,0,7,2.8559212684631348,0.8135593220338984
adapted,1,3,0,8,2.8508055210113525,0.8135593220338984
adapted,1,3,0,9,2.8454596996307373,0.8305084745762712
adapted,1,3,0,10,2.8398544788360596,0.8305084745762712
adapted,1,3,0,11,2.833958148956299,0.8305084745762712
adapted,1,3,0,12,2.8277485370635986,0.847457627118644
adapted,1,3,0,13,2.8211967945098877,0.847457627118644
adapted,1,3,0,14,2.814284086227417,0.847457627118644
adapted,1,3,0,15,2.8069920539855957,0.847457627118644
adapted,1,3,0,16,2.7992968559265137,0.847457627118644
adapted,1,3,0,17,2.7911674976348877,0.847457627118644
adapted,1,3,0,18,2.7826008796691895,0.864406779661017
adapted,1,3,0,19,2.7735772132873535,0.8813559322033898
adapted,1,3,0,20,2.7640774250030518,0.8813559322033898
adapted,1,3,0,21,2.754094362258911,0.8813559322033898
adapted,1,3,0,22,2.74361252784729,0.8813559322033898
adapted,1,3,0,23,2.7326176166534424,0.8813559322033898
adapted,1,3,0,24,2.7211062908172607,0.8813559322033898
adapted,1,3,0,25,2.709059476852417,0.8813559322033898
adapted,1,3,0,26,2.6964831352233887,0.8813559322033898
adapted,1,3,0,27,2.6833744049072266,0.8813559322033898
adapted,1,3,0,28,2.6697256565093994,0.8813559322033898
adapted,1,3,0,29,2.655539035797119,0.8813559322033898
adapted,1,3,0,30,2.6408157348632812,0.8983050847457628
adapted,1,3,0,31,2.625572443008423,0.8813559322033898
adapted,1,3,0,32,2.6098012924194336,0.8813559322033898
adapted,1,3,0,33,2.5935065746307373,0.8813559322033898
adapted,1,3,0,34,2.5766987800598145,0.864406779661017
adapted,1,3,0,35,2.5593903064727783,0.864406779661017
adapted,1,3,0,36,2.541621446609497,0.864406779661017
adapted,1,3,0,37,2.523375988006592,0.864406779661017
adapted,1,3,0,38,2.5046825408935547,0.864406779661017
adapted,1,3,0,39,2.4855427742004395,0.864406779661017
adapted,1,3,0,40,2.4659836292266846,0.864406779661017
adapted,1,3,0,41,2.446040630340576,0.864406779661017
adapted,1,3,0,42,2.425689220428467,0.864406779661017
adapted,1,3,0,43,2.4049694538116455,0.864406779661017
adapted,1,3,0,44,2.383870840072632,0.864406779661017
adapted,1,3,0,45,2.3624300956726074,0.864406779661017
adapted,1,3,1,1,2.810360908508301,0.6976744186046512
adapted,1,3,1,2,2.805980682373047,0.7209302325581395
adapted,1,3,1,3,2.8015711307525635,0.6744186046511628
adapted,1,3,1,4,2.7970900535583496,0.6511627906976745
adapted,1,3,1,5,2.792503595352173,0.6976744186046512
adapted,1,3,1,6,2.7877755165100098,0.6976744186046512
adapted,1,3,1,7,2.78287410736084,0.7209302325581395
adapted,1,3,1,8,2.7777624130249023,0.7209302325581395
adapted,1,3,1,9,2.77241587638855,0.7209302325581395
adapted,1,3,1,10,2.766798973083496,0.7209302325581395
adapted,1,3,1,11,2.760885000228882,0.7209302325581395
adapted,1,3,1,12,2.7546486854553223,0.7209302325581395
adapted,1,3,1,13,2.7480733394622803,0.7209302325581395
adapted,1,3,1,14,2.7411279678344727,0.7209302325581395
adapted,1,3,1,15,2.733799695968628,0.7209302325581395
adapted,1,3,1,16,2.7260637283325195,0.7209302325581395
adapted,1,3,1,17,2.7179019451141357,0.7209302325581395
adapted,1,3,1,18,2.7093050479888916,0.7209302325581395
adapted,1,3,1,19,2.7002599239349365,0.7209302325581395
adapted,1,3,1,20,2.690755605697632,0.7441860465116279
adapted,1,3,1,21,2.6807878017425537,0.7441860465116279
adapted,1,3,1,22,2.6703360080718994,0.7441860465116279
adapted,1,3,1,23,2.6594083309173584,0.7441860465116279
adapted,1,3,1,24,2.6479876041412354,0.7441860465116279
adapted,1,3,1,25,2.6360621452331543,0.7441860465116279
adapted,1,3,1,26,2.623648166656494,0.7441860465116279
adapted,1,3,1,27,2.6107282638549805,0.7441860465116279
adapted,1,3,1,28,2.5973117351531982,0.7441860465116279
adapted,1,3,1,29,2.5833990573883057,0.7441860465116279
adapted,1,3,1,30,2.568991184234619,0.7441860465116279
adapted,1,3,1,31,2.5541017055511475,0.7441860465116279
adapted,1,3,1,32,2.538717746734619,0.7441860465116279
adapted,1,3,1,33,2.5228607654571533,0.7441860465116279
adapted,1,3,1,34,2.5065176486968994,0.7441860465116279
adapted,1,3,1,35,2.4896905422210693,0.7441860465116279
adapted,1,3,2,1,2.8298699855804443,0.5434782608695652
adapted,1,3,2,2,2.825857162475586,0.6521739130434783
adapted,1,3,2,3,2.8218865394592285,0.6956521739130435
adapted,1,3,2,4,2.8179121017456055,0.7608695652173914
adapted,1,3,2,5,2.813892126083374,0.8043478260869565
adapted,1,3,2,6,2.8097822666168213,0.8043478260869565
adapted,1,3,2,7,2.8055479526519775,0.8043478260869565
adapted,1,3,2,8,2.801152229309082,0.8043478260869565
adapted,1,3,2,9,2.7965550422668457,0.782608695652174
adapted,1,3,2,10,2.7917253971099854,0.8043478260869565
adapted,1,3,2,11,2.786632776260376,0.8043478260869565
adapted,1,3,2,12,2.7812459468841553,0.8043478260869565
adapted,1,3,2,13,2.77553129196167,0.8043478260869565
adapted,1,3,2,14,2.7694599628448486,0.8043478260869565
adapted,1,3,2,15,2.7629988193511963,0.8043478260869565
adapted,1,3,2,16,2.756119728088379,0.8043478260869565
adapted,1,3,2,17,2.748807430267334,0.8043478260869565
adapted,1,3,2,18,2.7410287857055664,0.8043478260869565
adapted,1,3,2,19,2.73275089263916,0.8043478260869565
adapted,1,3,2,20,2.7239789962768555,0.8043478260869565
frozen,1,4,0,1,2.9151439666748047,0.5833333333333334
frozen,1,4,0,2,2.913573980331421,0.6166666666666667
frozen,1,4,0,3,2.9120051860809326,0.65
frozen,1,4,0,4,2.910437822341919,0.7
frozen,1,4,0,5,2.90887188911438,0.7666666666666667
frozen,1,4,0,6,2.9073069095611572,0.7666666666666667
frozen,1,4,0,7,2.90574312210083,0.8
frozen,1,4,0,8,2.9041810035705566,0.85
frozen,1,4,0,9,2.9026198387145996,0.8833333333333333
frozen,1,4,0,10,2.9010605812072754,0.8833333333333333
frozen,1,4,0,11,2.8995022773742676,0.8666666666666667
frozen,1,4,0,12,2.8979451656341553,0.8666666666666667
frozen,1,4,0,13,2.896389961242676,0.8666666666666667
frozen,1,4,0,14,2.894835948944092,0.8666666666666667
frozen,1,4,0,15,2.8932833671569824,0.8666666666666667
frozen,1,4,0,16,2.8917324542999268,0.8666666666666667
frozen,1,4,0,17,2.8901829719543457,0.85
frozen,1,4,0,18,2.8886349201202393,0.85
frozen,1,4,0,19,2.8870880603790283,0.85
frozen,1,4,0,20,2.88554310798645,0.85
frozen,1,4,0,21,2.8839995861053467,0.85
frozen,1,4,0,22,2.8824572563171387,0.8333333333333334
frozen,1,4,0,23,2.8809168338775635,0.8333333333333334
frozen,1,4,0,24,2.879377841949463,0.8166666666666667
frozen,1,4,1,1,2.892144203186035,0.7547169811320755
frozen,1,4,1,2,2.890049934387207,0.7547169811320755
frozen,1,4,1,3,2.8879587650299072,0.7169811320754716
frozen,1,4,1,4,2.8858697414398193,0.6981132075471698
frozen,1,4,1,5,2.8837835788726807,0.6981132075471698
frozen,1,4,1,6,2.881700277328491,0.6981132075471698
frozen,1,4,1,7,2.8796193599700928,0.6792452830188679
frozen,1,4,1,8,2.8775415420532227,0.6792452830188679
frozen,1,4,1,9,2.8754663467407227,0.6792452830188679
frozen,1,4,1,10,2.873394250869751,0.660377358490566
frozen,1,4,1,11,2.8713247776031494,0.660377358490566
frozen,1,4,1,12,2.8692586421966553,0.660377358490566
frozen,1,4,1,13,2.8671951293945312,0.660377358490566
frozen,1,4,1,14,2.8651344776153564,0.660377358490566
frozen,1,4,1,15,2.86307692527771,0.660377358490566
frozen,1,4,1,16,2.86102294921875,0.6415094339622641
frozen,1,4,1,17,2.85897159576416,0.6415094339622641
frozen,1,4,1,18,2.8569233417510986,0.6415094339622641
frozen,1,4,1,19,2.8548784255981445,0.6415094339622641
frozen,1,4,1,20,2.8528366088867188,0.6415094339622641
frozen,1,4,2,1,2.9619078636169434,0.7021276595744681
frozen,1,4,2,2,2.960150718688965,0.7446808510638298
frozen,1,4,2,3,2.95839524269104,0.7659574468085106
frozen,1,4,2,4,2.956641435623169,0.7872340425531915
frozen,1,4,2,5,2.9548897743225098,0.8297872340425532
frozen,1,4,2,6,2.9531400203704834,0.8297872340425532
frozen,1,4,2,7,2.9513916969299316,0.8085106382978723
frozen,1,4,2,8,2.949645757675171,0.8085106382978723
frozen,1,4,2,9,2.9479012489318848,0.8085106382978723
frozen,1,4,2,10,2.9461591243743896,0.8297872340425532
frozen,1,4,2,11,2.9444189071655273,0.851063829787234
frozen,1,4,2,12,2.942680597305298,0.851063829787234
frozen,1,4,2,13,2.9409444332122803,0.8723404255319149
frozen,1,4,2,14,2.9392104148864746,0.8936170212765957
frozen,1,4,2,15,2.937478542327881,0.8936170212765957
frozen,1,4,2,16,2.935748815536499,0.8936170212765957
frozen,1,4,2,17,2.934020757675171,0.8936170212765957
frozen,1,4,2,18,2.932295322418213,0.8936170212765957
frozen,1,4,2,19,2.9305717945098877,0.8936170212765957
frozen,1,4,2,20,2.9288504123687744,0.8936170212765957
frozen,1,4,2,21,2.9271316528320312,0.8936170212765957
frozen,1,4,2,22,2.925414800643921,0.8936170212765957
frozen,1,4,2,23,2.9236998558044434,0.8936170212765957
frozen,1,4,2,24,2.921987771987915,0.8936170212765957
frozen,1,4,2,25,2.9202775955200195,0.8936170212765957
frozen,1,4,2,26,2.918569803237915,0.8936170212765957
frozen,1,4,2,27,2.9168641567230225,0.8936170212765957
frozen,1,4,2,28,2.9151611328125,0.8936170212765957
frozen,1,4,2,29,2.9134600162506104,0.8936170212765957
adapted,1,4,0,1,2.9151439666748047,0.6166666666666667
adapted,1,4,0,2,2.91129994392395,0.7333333333333333
adapted,1,4,0,3,2.9074528217315674,0.8166666666666667
adapted,1,4,0,4,2.9035696983337402,0.85
adapted,1,4,0,5,2.899616241455078,0.8666666666666667
adapted,1,4,0,6,2.8955585956573486,0.8333333333333334
adapted,1,4,0,7,2.8913612365722656,0.8333333333333334
adapted,1,4,0,8,2.8869986534118652,0.85
adapted,1,4,0,9,2.882439136505127,0.85
adapted,1,4,0,10,2.877657413482666,0.85
adapted,1,4,0,11,2.8726203441619873,0.85
adapted,1,4,0,12,2.867298126220703,0.85
adapted,1,4,0,13,2.861664295196533,0.85
adapted,1,4,0,14,2.8556785583496094,0.85
adapted,1,4,0,15,2.8493146896362305,0.8333333333333334
adapted,1,4,0,16,2.8425395488739014,0.8166666666666667
adapted,1,4,0,17,2.8353209495544434,0.8166666666666667
adapted,1,4,0,18,2.8276383876800537,0.8166666666666667
adapted,1,4,0,19,2.819456100463867,0.8166666666666667
adapted,1,4,0,20,2.810748338699341,0.8
adapted,1,4,1,1,2.892144203186035,0.7735849056603774
adapted,1,4,1,2,2.88724422454834,0.7169811320754716
adapted,1,4,1,3,2.8823349475860596,0.6981132075471698
adapted,1,4,1,4,2.877382278442383,0.660377358490566
adapted,1,4,1,5,2.8723361492156982,0.660377358490566
adapted,1,4,1,6,2.867152452468872,0.660377358490566
adapted,1,4,1,7,2.86179518699646,0.660377358490566
adapted,1,4,1,8,2.85622501373291,0.6792452830188679
adapted,1,4,1,9,2.8503990173339844,0.6792452830188679
adapted,1,4,1,10,2.8442885875701904,0.6792452830188679
adapted,1,4,1,11,2.8378565311431885,0.6981132075471698
adapted,1,4,1,12,2.831064462661743,0.6981132075471698
adapted,1,4,1,13,2.8238861560821533,0.6981132075471698
adapted,1,4,1,14,2.8162894248962402,0.6981132075471698
adapted,1,4,1,15,2.808243989944458,0.6981132075471698
adapted,1,4,1,16,2.7997281551361084,0.7169811320754716
adapted,1,4,1,17,2.7907114028930664,0.7169811320754716
adapted,1,4,1,18,2.781170606613159,0.7169811320754716
adapted,1,4,1,19,2.7710835933685303,0.7169811320754716
adapted,1,4,1,20,2.7604401111602783,0.7169811320754716
adapted,1,4,2,1,2.9619078636169434,0.7446808510638298
adapted,1,4,2,2,2.9577956199645996,0.7872340425531915
adapted,1,4,2,3,2.9536781311035156,0.8085106382978723
adapted,1,4,2,4,2.9495155811309814,0.8297872340425532
adapted,1,4,2,5,2.9452736377716064,0.8297872340425532
adapted,1,4,2,6,2.9409096240997314,0.851063829787234
adapted,1,4,2,7,2.9363837242126465,0.851063829787234
adapted,1,4,2,8,2.93166184425354,0.851063829787234
adapted,1,4,2,9,2.9267120361328125,0.8723404255319149
adapted,1,4,2,10,2.921505928039551,0.8723404255319149
adapted,1,4,2,11,2.9160115718841553,0.851063829787234
adapted,1,4,2,12,2.910205125808716,0.851063829787234
adapted,1,4,2,13,2.9040677547454834,0.851063829787234
adapted,1,4,2,14,2.897566556930542,0.851063829787234
adapted,1,4,2,15,2.8906729221343994,0.851063829787234
adapted,1,4,2,16,2.8833634853363037,0.851063829787234
adapted,1,4,2,17,2.875612735748291,0.851063829787234
adapted,1,4,2,18,2.867401361465454,0.851063829787234
adapted,1,4,2,19,2.858707904815674,0.851063829787234
adapted,1,4,2,20,2.849496364593506,0.851063829787234
adapted,1,4,2,21,2.839754581451416,0.851063829787234
adapted,1,4,2,22,2.829479455947876,0.851063829787234
adapted,1,4,2,23,2.818636894226074,0.851063829787234
adapted,1,4,2,24,2.807216167449951,0.8723404255319149
frozen,2,0,0,1,3.0634846687316895,0.8055555555555556
frozen,2,0,0,2,3.061483383178711,0.8055555555555556
frozen,2,0,0,3,3.0594849586486816,0.8055555555555556
frozen,2,0,0,4,3.0574889183044434,0.8055555555555556
frozen,2,0,0,5,3.0554959774017334,0.8055555555555556
frozen,2,0,0,6,3.0535056591033936,0.8055555555555556
frozen,2,0,0,7,3.051517963409424,0.8055555555555556
frozen,2,0,0,8,3.0495331287384033,0.8055555555555556
frozen,2,0,0,9,3.047551155090332,0.8055555555555556
frozen,2,0,0,10,3.04557204246521,0.8055555555555556
frozen,2,0,0,11,3.043595790863037,0.8055555555555556
frozen,2,0,0,12,3.0416226387023926,0.8055555555555556
frozen,2,0,0,13,3.0396523475646973,0.8055555555555556
frozen,2,0,0,14,3.037684679031372,0.8055555555555556
frozen,2,0,0,15,3.035720109939575,0.8055555555555556
frozen,2,0,0,16,3.0337586402893066,0.8055555555555556
frozen,2,0,0,17,3.0318002700805664,0.8055555555555556
frozen,2,0,0,18,3.0298447608947754,0.8055555555555556
frozen,2,0,0,19,3.027892589569092,0.8333333333333334
frozen,2,0,0,20,3.0259432792663574,0.8333333333333334
frozen,2,0,0,21,3.0239970684051514,0.8333333333333334
frozen,2,0,0,22,3.0220541954040527,0.8333333333333334
frozen,2,0,0,23,3.0201141834259033,0.8333333333333334
frozen,2,0,0,24,3.0181772708892822,0.8333333333333334
frozen,2,0,0,25,3.0162434577941895,0.8333333333333334
frozen,2,0,0,26,3.014313220977783,0.8333333333333334
frozen,2,0,0,27,3.012385845184326,0.8611111111111112
frozen,2,0,0,28,3.0104618072509766,0.8611111111111112
frozen,2,0,0,29,3.0085413455963135,0.8611111111111112
frozen,2,0,0,30,3.0066237449645996,0.8611111111111112
frozen,2,0,0,31,3.004709243774414,0.8611111111111112
frozen,2,0,0,32,3.002798080444336,0.8611111111111112
frozen,2,0,0,33,3.000890016555786,0.8611111111111112
frozen,2,0,0,34,2.998985767364502,0.8611111111111112
frozen,2,0,0,35,2.997084140777588,0.8611111111111112
frozen,2,0,0,36,2.9951860904693604,0.8611111111111112
frozen,2,0,0,37,2.993291139602661,0.8611111111111112
frozen,2,0,0,38,2.9913992881774902,0.8611111111111112
frozen,2,0,0,39,2.989511013031006,0.8611111111111112
frozen,2,0,0,40,2.98762583732605,0.8611111111111112
frozen,2,0,0,41,2.985743761062622,0.8611111111111112
frozen,2,0,0,42,2.983865261077881,0.8611111111111112
frozen,2,0,1,1,2.887308359146118,0.574468085106383
frozen,2,0,1,2,2.8853201866149902,0.5957446808510638
frozen,2,0,1,3,2.883333921432495,0.6595744680851063
frozen,2,0,1,4,2.881349802017212,0.6808510638297872
frozen,2,0,1,5,2.8793671131134033,0.6595744680851063
frozen,2,0,1,6,2.877387046813965,0.6382978723404256
frozen,2,0,1,7,2.875408887863159,0.6595744680851063
frozen,2,0,1,8,2.8734323978424072,0.6595744680851063
frozen,2,0,1,9,2.8714585304260254,0.7021276595744681
frozen,2,0,1,10,2.8694868087768555,0.723404255319149
frozen,2,0,1,11,2.8675169944763184,0.723404255319149
frozen,2,0,1,12,2.865549325942993,0.723404255319149
frozen,2,0,1,13,2.863584041595459,0.7021276595744681
frozen,2,0,1,14,2.8616206645965576,0.7021276595744681
frozen,2,0,1,15,2.8596599102020264,0.7021276595744681
frozen,2,0,1,16,2.857701301574707,0.723404255319149
frozen,2,0,1,17,2.8557450771331787,0.723404255319149
frozen,2,0,1,18,2.8537912368774414,0.723404255319149
frozen,2,0,1,19,2.851839542388916,0.723404255319149
frozen,2,0,1,20,2.8498904705047607,0.723404255319149
frozen,2,0,1,21,2.8479437828063965,0.7446808510638298
frozen,2,0,1,22,2.845999240875244,0.7446808510638298
frozen,2,0,1,23,2.844057559967041,0.7446808510638298
frozen,2,0,1,24,2.84211802482605,0.723404255319149
frozen,2,0,1,25,2.8401811122894287,0.723404255319149
frozen,2,0,1,26,2.8382465839385986,0.723404255319149
frozen,2,0,1,27,2.8363144397735596,0.723404255319149
frozen,2,0,1,28,2.8343851566314697,0.723404255319149
frozen,2,0,1,29,2.832458257675171,0.723404255319149
frozen,2,0,1,30,2.830533504486084,0.723404255319149
frozen,2,0,1,31,2.8286118507385254,0.723404255319149
frozen,2,0,1,32,2.8266923427581787,0.723404255319149
frozen,2,0,1,33,2.8247756958007812,0.723404255319149
frozen,2,0,1,34,2.822861671447754,0.723404255319149
frozen,2,0,1,35,2.8209497928619385,0.723404255319149
frozen,2,0,1,36,2.819040536880493,0.723404255319149
frozen,2,0,2,1,2.6311633586883545,0.734375
frozen,2,0,2,2,2.629575490951538,0.734375
frozen,2,0,2,3,2.6279895305633545,0.796875
frozen,2,0,2,4,2.626405954360962,0.828125
frozen,2,0,2,5,2.6248247623443604,0.828125
frozen,2,0,2,6,2.6232454776763916,0.828125
frozen,2,0,2,7,2.621668815612793,0.84375
frozen,2,0,2,8,2.6200942993164062,0.84375
frozen,2,0,2,9,2.6185216903686523,0.84375
frozen,2,0,2,10,2.6169519424438477,0.84375
frozen,2,0,2,11,2.615384578704834,0.84375
frozen,2,0,2,12,2.613819122314453,0.84375
frozen,2,0,2,13,2.6122562885284424,0.84375
frozen,2,0,2,14,2.610696315765381,0.84375
frozen,2,0,2,15,2.6091384887695312,0.84375
frozen,2,0,2,16,2.6075830459594727,0.84375
frozen,2,0,2,17,2.606029748916626,0.859375
frozen,2,0,2,18,2.6044797897338867,0.859375
frozen,2,0,2,19,2.6029317378997803,0.859375
frozen,2,0,2,20,2.601386308670044,0.859375
frozen,2,0,2,21,2.599843740463257,0.859375
frozen,2,0,2,22,2.5983030796051025,0.859375
frozen,2,0,2,23,2.5967655181884766,0.859375
frozen,2,0,2,24,2.5952303409576416,0.859375
frozen,2,0,2,25,2.5936975479125977,0.859375
frozen,2,0,2,26,2.592167615890503,0.859375
frozen,2,0,2,27,2.590640068054199,0.859375
frozen,2,0,2,28,2.5891153812408447,0.859375
frozen,2,0,2,29,2.587592840194702,0.859375
frozen,2,0,2,30,2.5860729217529297,0.859375
frozen,2,0,2,31,2.5845556259155273,0.859375
frozen,2,0,2,32,2.583040952682495,0.859375
adapted,2,0,0,1,3.0634846687316895,0.8333333333333334
adapted,2,0,0,2,3.0588600635528564,0.8333333333333334
adapted,2,0,0,3,3.05424427986145,0.8888888888888888
adapted,2,0,0,4,3.049600839614868,0.8333333333333334
adapted,2,0,0,5,3.0448813438415527,0.8333333333333334
adapted,2,0,0,6,3.040052890777588,0.8333333333333334
adapted,2,0,0,7,3.0350818634033203,0.8333333333333334
adapted,2,0,0,8,3.029923677444458,0.8055555555555556
adapted,2,0,0,9,3.0245461463928223,0.8055555555555556
adapted,2,0,0,10,3.018913745880127,0.8055555555555556
adapted,2,0,0,11,3.0129904747009277,0.8055555555555556
adapted,2,0,0,12,3.0067427158355713,0.8055555555555556
adapted,2,0,0,13,3.0001468658447266,0.8055555555555556
adapted,2,0,0,14,2.9931674003601074,0.8055555555555556
adapted,2,0,0,15,2.9857723712921143,0.8055555555555556
adapted,2,0,0,16,2.9779465198516846,0.8055555555555556
adapted,2,0,0,17,2.9696600437164307,0.8055555555555556
adapted,2,0,0,18,2.960875988006592,0.8055555555555556
adapted,2,0,0,19,2.951598644256592,0.8055555555555556
adapted,2,0,0,20,2.941798686981201,0.8055555555555556
adapted,2,0,1,1,2.887308359146118,0.6170212765957447
adapted,2,0,1,2,2.8827321529388428,0.6808510638297872
adapted,2,0,1,3,2.878221273422241,0.6595744680851063
adapted,2,0,1,4,2.873739242553711,0.7021276595744681
adapted,2,0,1,5,2.869236469268799,0.723404255319149
adapted,2,0,1,6,2.8646655082702637,0.7446808510638298
adapted,2,0,1,7,2.8599886894226074,0.7446808510638298
adapted,2,0,1,8,2.855151891708374,0.7446808510638298
adapted,2,0,1,9,2.850114583969116,0.7446808510638298
adapted,2,0,1,10,2.8448362350463867,0.7659574468085106
adapted,2,0,1,11,2.83927059173584,0.7872340425531915
adapted,2,0,1,12,2.8333864212036133,0.7872340425531915
adapted,2,0,1,13,2.827143669128418,0.7872340425531915
adapted,2,0,1,14,2.8205106258392334,0.7659574468085106
adapted,2,0,1,15,2.8134584426879883,0.7659574468085106
adapted,2,0,1,16,2.8059566020965576,0.7659574468085106
adapted,2,0,1,17,2.7979722023010254,0.7446808510638298
adapted,2,0,1,18,2.789479970932007,0.7446808510638298
adapted,2,0,1,19,2.7804596424102783,0.7446808510638298
adapted,2,0,1,20,2.770885705947876,0.7446808510638298
adapted,2,0,1,21,2.760737657546997,0.7446808510638298
adapted,2,0,1,22,2.7499947547912598,0.7446808510638298
adapted,2,0,1,23,2.738642454147339,0.7446808510638298
adapted,2,0,1,24,2.7266526222229004,0.7446808510638298
adapted,2,0,1,25,2.714024066925049,0.7446808510638298
adapted,2,0,1,26,2.700751304626465,0.7446808510638298
adapted,2,0,2,1,2.6311633586883545,0.75
adapted,2,0,2,2,2.6273179054260254,0.84375
adapted,2,0,2,3,2.6234800815582275,0.828125
adapted,2,0,2,4,2.619616985321045,0.828125
adapted,2,0,2,5,2.615692615509033,0.828125
adapted,2,0,2,6,2.6116719245910645,0.828125
adapted,2,0,2,7,2.6075246334075928,0.828125
adapted,2,0,2,8,2.603217601776123,0.828125
adapted,2,0,2,9,2.598714828491211,0.828125
adapted,2,0,2,10,2.5939834117889404,0.828125
adapted,2,0,2,11,2.5889880657196045,0.828125
adapted,2,0,2,12,2.5837037563323975,0.828125
adapted,2,0,2,13,2.5780980587005615,0.84375
adapted,2,0,2,14,2.5721447467803955,0.84375
adapted,2,0,2,15,2.5658135414123535,0.84375
adapted,2,0,2,16,2.559072732925415,0.84375
adapted,2,0,2,17,2.5518996715545654,0.84375
adapted,2,0,2,18,2.544268846511841,0.84375
adapted,2,0,2,19,2.5361404418945312,0.84375
adapted,2,0,2,20,2.5275094509124756,0.84375
frozen,2,1,0,1,3.07051420211792,0.5686274509803921
frozen,2,1,0,2,3.0686042308807373,0.6470588235294118
frozen,2,1,0,3,3.066697597503662,0.7058823529411765
frozen,2,1,0,4,3.0647921562194824,0.7450980392156863
frozen,2,1,0,5,3.0628890991210938,0.7843137254901961
frozen,2,1,0,6,3.060988187789917,0.8235294117647058
frozen,2,1,0,7,3.0590896606445312,0.8627450980392157
frozen,2,1,0,8,3.0571932792663574,0.8823529411764706
frozen,2,1,0,9,3.0552992820739746,0.8823529411764706
frozen,2,1,0,10,3.0534074306488037,0.8823529411764706
frozen,2,1,0,11,3.051518201828003,0.8823529411764706
frozen,2,1,0,12,3.049631357192993,0.8823529411764706
frozen,2,1,0,13,3.0477466583251953,0.8823529411764706
frozen,2,1,0,14,3.0458641052246094,0.8823529411764706
frozen,2,1,0,15,3.0439846515655518,0.8823529411764706
frozen,2,1,0,16,3.042107343673706,0.8823529411764706
frozen,2,1,0,17,3.0402324199676514,0.8823529411764706
frozen,2,1,0,18,3.038360118865967,0.8823529411764706
frozen,2,1,0,19,3.0364906787872314,0.8823529411764706
frozen,2,1,0,20,3.034623384475708,0.8823529411764706
frozen,2,1,0,21,3.0327587127685547,0.8627450980392157
frozen,2,1,0,22,3.0308966636657715,0.8823529411764706
frozen,2,1,0,23,3.0290369987487793,0.8823529411764706
frozen,2,1,1,1,2.9107048511505127,0.6981132075471698
frozen,2,1,1,2,2.9089090824127197,0.7169811320754716
frozen,2,1,1,3,2.9071156978607178,0.7169811320754716
frozen,2,1,1,4,2.905324935913086,0.7547169811320755
frozen,2,1,1,5,2.903536796569824,0.7547169811320755
frozen,2,1,1,6,2.9017512798309326,0.7547169811320755
frozen,2,1,1,7,2.899968147277832,0.7924528301886793
frozen,2,1,1,8,2.8981881141662598,0.7924528301886793
frozen,2,1,1,9,2.8964104652404785,0.7924528301886793
frozen,2,1,1,10,2.8946359157562256,0.7735849056603774
frozen,2,1,1,11,2.8928639888763428,0.7735849056603774
frozen,2,1,1,12,2.891094207763672,0.7735849056603774
frozen,2,1,1,13,2.8893277645111084,0.7735849056603774
frozen,2,1,1,14,2.887564182281494,0.7735849056603774
frozen,2,1,1,15,2.885803461074829,0.7735849056603774
frozen,2,1,1,16,2.8840456008911133,0.7547169811320755
frozen,2,1,1,17,2.882290840148926,0.7547169811320755
frozen,2,1,1,18,2.8805387020111084,0.7547169811320755
frozen,2,1,1,19,2.8787896633148193,0.7358490566037735
frozen,2,1,1,20,2.8770437240600586,0.7169811320754716
frozen,2,1,1,21,2.875300407409668,0.7169811320754716
frozen,2,1,1,22,2.8735601902008057,0.7169811320754716
frozen,2,1,2,1,2.853039503097534,0.45901639344262296
frozen,2,1,2,2,2.8512673377990723,0.47540983606557374
frozen,2,1,2,3,2.8494980335235596,0.47540983606557374
frozen,2,1,2,4,2.847731590270996,0.5245901639344263
frozen,2,1,2,5,2.8459675312042236,0.5573770491803278
frozen,2,1,2,6,2.8442065715789795,0.6065573770491803
frozen,2,1,2,7,2.8424482345581055,0.6229508196721312
frozen,2,1,2,8,2.8406925201416016,0.6557377049180327
frozen,2,1,2,9,2.838939905166626,0.6885245901639344
frozen,2,1,2,10,2.8371901512145996,0.6885245901639344
frozen,2,1,2,11,2.8354432582855225,0.7049180327868853
frozen,2,1,2,12,2.8336992263793945,0.7049180327868853
frozen,2,1,2,13,2.831958055496216,0.7049180327868853
frozen,2,1,2,14,2.8302199840545654,0.7377049180327869
frozen,2,1,2,15,2.8284852504730225,0.7377049180327869
frozen,2,1,2,16,2.8267533779144287,0.7540983606557377
frozen,2,1,2,17,2.825024366378784,0.7704918032786885
frozen,2,1,2,18,2.823298454284668,0.7868852459016393
frozen,2,1,2,19,2.8215761184692383,0.8032786885245902
frozen,2,1,2,20,2.819856643676758,0.7868852459016393
frozen,2,1,2,21,2.8181402683258057,0.7868852459016393
frozen,2,1,2,22,2.816426992416382,0.7868852459016393
frozen,2,1,2,23,2.8147172927856445,0.7868852459016393
frozen,2,1,2,24,2.8130106925964355,0.7868852459016393
frozen,2,1,2,25,2.811306953430176,0.7868852459016393
frozen,2,1,2,26,2.8096067905426025,0.7868852459016393
frozen,2,1,2,27,2.8079099655151367,0.7868852459016393
frozen,2,1,2,28,2.80621600151062,0.7868852459016393
frozen,2,1,2,29,2.80452561378479,0.7868852459016393
frozen,2,1,2,30,2.8028383255004883,0.7868852459016393
frozen,2,1,2,31,2.801154375076294,0.7868852459016393
frozen,2,1,2,32,2.799473762512207,0.7868852459016393
frozen,2,1,2,33,2.7977962493896484,0.7868852459016393
frozen,2,1,2,34,2.796121835708618,0.7868852459016393
adapted,2,1,0,1,3.07051420211792,0.6470588235294118
adapted,2,1,0,2,3.066075563430786,0.7450980392156863
adapted,2,1,0,3,3.061682939529419,0.8627450980392157
adapted,2,1,0,4,3.057293653488159,0.8823529411764706
adapted,2,1,0,5,3.0528690814971924,0.8823529411764706
adapted,2,1,0,6,3.0483615398406982,0.8823529411764706
adapted,2,1,0,7,3.043731212615967,0.8627450980392157
adapted,2,1,0,8,3.03893780708313,0.8627450980392157
adapted,2,1,0,9,3.0339462757110596,0.8823529411764706
adapted,2,1,0,10,3.0287251472473145,0.8823529411764706
adapted,2,1,0,11,3.023237943649292,0.8823529411764706
adapted,2,1,0,12,3.0174529552459717,0.8823529411764706
adapted,2,1,0,13,3.0113415718078613,0.8823529411764706
adapted,2,1,0,14,3.0048699378967285,0.8823529411764706
adapted,2,1,0,15,2.998004198074341,0.8823529411764706
adapted,2,1,0,16,2.990725517272949,0.8823529411764706
adapted,2,1,0,17,2.9829952716827393,0.8627450980392157
adapted,2,1,0,18,2.9747915267944336,0.8627450980392157
adapted,2,1,0,19,2.9660868644714355,0.8627450980392157
adapted,2,1,0,20,2.9568562507629395,0.8627450980392157
adapted,2,1,1,1,2.9107048511505127,0.7358490566037735
adapted,2,1,1,2,2.9066855907440186,0.7735849056603774
adapted,2,1,1,3,2.902646541595459,0.8301886792452831
adapted,2,1,1,4,2.8985469341278076,0.8113207547169812
adapted,2,1,1,5,2.8943564891815186,0.8301886792452831
adapted,2,1,1,6,2.8900346755981445,0.8113207547169812
adapted,2,1,1,7,2.8855481147766113,0.7924528301886793
adapted,2,1,1,8,2.8808627128601074,0.7924528301886793
adapted,2,1,1,9,2.8759496212005615,0.7924528301886793
adapted,2,1,1,10,2.870781898498535,0.7924528301886793
adapted,2,1,1,11,2.8653345108032227,0.7735849056603774
adapted,2,1,1,12,2.8595781326293945,0.7735849056603774
adapted,2,1,1,13,2.8534860610961914,0.8113207547169812
adapted,2,1,1,14,2.847041130065918,0.8113207547169812
adapted,2,1,1,15,2.8402175903320312,0.8113207547169812
adapted,2,1,1,16,2.8330023288726807,0.8113207547169812
adapted,2,1,1,17,2.825376510620117,0.8113207547169812
adapted,2,1,1,18,2.8173139095306396,0.8113207547169812
adapted,2,1,1,19,2.8088014125823975,0.8113207547169812
adapted,2,1,1,20,2.7998290061950684,0.8113207547169812
adapted,2,1,2,1,2.853039503097534,0.47540983606557374
adapted,2,1,2,2,2.8488543033599854,0.5573770491803278
adapted,2,1,2,3,2.8446333408355713,0.5737704918032787
adapted,2,1,2,4,2.8403382301330566,0.639344262295082
adapted,2,1,2,5,2.8359405994415283,0.6885245901639344
adapted,2,1,2,6,2.831413507461548,0.7049180327868853
adapted,2,1,2,7,2.8267195224761963,0.7049180327868853
adapted,2,1,2,8,2.8218305110931396,0.7213114754098361
adapted,2,1,2,9,2.8167288303375244,0.7213114754098361
adapted,2,1,2,10,2.811375617980957,0.7377049180327869
adapted,2,1,2,11,2.8057525157928467,0.7540983606557377
adapted,2,1,2,12,2.799838066101074,0.7540983606557377
adapted,2,1,2,13,2.7936103343963623,0.7704918032786885
adapted,2,1,2,14,2.787039279937744,0.7704918032786885
adapted,2,1,2,15,2.7801027297973633,0.7704918032786885
adapted,2,1,2,16,2.7727785110473633,0.7704918032786885
adapted,2,1,2,17,2.765056610107422,0.7704918032786885
adapted,2,1,2,18,2.756899356842041,0.7704918032786885
adapted,2,1,2,19,2.7482945919036865,0.7704918032786885
adapted,2,1,2,20,2.7392168045043945,0.7704918032786885
adapted,2,1,2,21,2.729658365249634,0.7704918032786885
adapted,2,1,2,22,2.719611406326294,0.7704918032786885
adapted,2,1,2,23,2.709055185317993,0.7704918032786885
adapted,2,1,2,24,2.6979804039001465,0.7868852459016393
adapted,2,1,2,25,2.686380624771118,0.7868852459016393
adapted,2,1,2,26,2.674241065979004,0.7868852459016393
adapted,2,1,2,27,2.661557197570801,0.7868852459016393
adapted,2,1,2,28,2.6483266353607178,0.7868852459016393
adapted,2,1,2,29,2.6345505714416504,0.7868852459016393
adapted,2,1,2,30,2.620213270187378,0.7868852459016393
adapted,2,1,2,31,2.6053216457366943,0.7868852459016393
adapted,2,1,2,32,2.5898847579956055,0.7868852459016393
adapted,2,1,2,33,2.573915719985962,0.7868852459016393
adapted,2,1,2,34,2.557415246963501,0.7868852459016393
adapted,2,1,2,35,2.5404233932495117,0.7868852459016393
adapted,2,1,2,36,2.5229175090789795,0.7868852459016393
adapted,2,1,2,37,2.5049383640289307,0.7868852459016393
adapted,2,1,2,38,2.486492395401001,0.7868852459016393
adapted,2,1,2,39,2.4676032066345215,0.7868852459016393
frozen,2,2,0,1,2.9126381874084473,0.34328358208955223
frozen,2,2,0,2,2.9108757972717285,0.3880597014925373
frozen,2,2,0,3,2.9091150760650635,0.4626865671641791
frozen,2,2,0,4,2.9073567390441895,0.47761194029850745
frozen,2,2,0,5,2.9056005477905273,0.5522388059701493
frozen,2,2,0,6,2.9038467407226562,0.5970149253731343
frozen,2,2,0,7,2.902095079421997,0.6119402985074627
frozen,2,2,0,8,2.900346279144287,0.6417910447761194
frozen,2,2,0,9,2.898599147796631,0.6865671641791045
frozen,2,2,0,10,2.896854877471924,0.6865671641791045
frozen,2,2,0,11,2.8951125144958496,0.7014925373134329
frozen,2,2,0,12,2.8933730125427246,0.7313432835820896
frozen,2,2,0,13,2.8916358947753906,0.7313432835820896
frozen,2,2,0,14,2.8899013996124268,0.746268656716418
frozen,2,2,0,15,2.888169050216675,0.746268656716418
frozen,2,2,0,16,2.886439561843872,0.746268656716418
frozen,2,2,0,17,2.8847122192382812,0.746268656716418
frozen,2,2,0,18,2.8829877376556396,0.746268656716418
frozen,2,2,0,19,2.881265878677368,0.746268656716418
frozen,2,2,0,20,2.8795464038848877,0.746268656716418
frozen,2,2,0,21,2.8778295516967773,0.746268656716418
frozen,2,2,0,22,2.876115322113037,0.7611940298507462
frozen,2,2,0,23,2.874403715133667,0.7611940298507462
frozen,2,2,0,24,2.872695207595825,0.7611940298507462
frozen,2,2,0,25,2.8709890842437744,0.7611940298507462
frozen,2,2,0,26,2.8692853450775146,0.7611940298507462
frozen,2,2,0,27,2.867584228515625,0.7611940298507462
frozen,2,2,0,28,2.8658862113952637,0.7611940298507462
frozen,2,2,0,29,2.8641905784606934,0.7611940298507462
frozen,2,2,0,30,2.8624978065490723,0.7611940298507462
frozen,2,2,0,31,2.8608076572418213,0.7611940298507462
frozen,2,2,0,32,2.8591201305389404,0.7611940298507462
frozen,2,2,0,33,2.857435464859009,0.7611940298507462
frozen,2,2,0,34,2.8557534217834473,0.7761194029850746
frozen,2,2,0,35,2.8540737628936768,0.7761194029850746
frozen,2,2,0,36,2.8523972034454346,0.7761194029850746
frozen,2,2,0,37,2.8507227897644043,0.7761194029850746
frozen,2,2,0,38,2.8490517139434814,0.7910447761194029
frozen,2,2,0,39,2.8473827838897705,0.8059701492537313
frozen,2,2,0,40,2.845716953277588,0.8059701492537313
frozen,2,2,0,41,2.844053268432617,0.8059701492537313
frozen,2,2,0,42,2.842392683029175,0.8059701492537313
frozen,2,2,0,43,2.8407349586486816,0.8059701492537313
frozen,2,2,0,44,2.8390793800354004,0.8059701492537313
frozen,2,2,0,45,2.8374264240264893,0.8059701492537313
frozen,2,2,0,46,2.8357763290405273,0.8059701492537313
frozen,2,2,0,47,2.8341288566589355,0.8059701492537313
frozen,2,2,0,48,2.832484006881714,0.8059701492537313
frozen,2,2,0,49,2.8308422565460205,0.8059701492537313
frozen,2,2,0,50,2.829202651977539,0.8059701492537313
frozen,2,2,0,51,2.8275656700134277,0.8059701492537313
frozen,2,2,0,52,2.8259313106536865,0.8059701492537313
frozen,2,2,0,53,2.8242995738983154,0.8059701492537313
frozen,2,2,0,54,2.8226704597473145,0.8208955223880597
frozen,2,2,0,55,2.8210442066192627,0.8208955223880597
frozen,2,2,0,56,2.819420576095581,0.8208955223880597
frozen,2,2,0,57,2.8177990913391113,0.8208955223880597
frozen,2,2,0,58,2.816180467605591,0.8208955223880597
frozen,2,2,0,59,2.8145644664764404,0.8208955223880597
frozen,2,2,0,60,2.8129513263702393,0.8208955223880597
frozen,2,2,0,61,2.811339855194092,0.8208955223880597
frozen,2,2,0,62,2.809731960296631,0.8208955223880597
frozen,2,2,0,63,2.8081259727478027,0.8208955223880597
frozen,2,2,0,64,2.806522846221924,0.8208955223880597
frozen,2,2,0,65,2.804922103881836,0.8208955223880597
frozen,2,2,0,66,2.8033242225646973,0.8208955223880597
frozen,2,2,0,67,2.8017284870147705,0.8208955223880597
frozen,2,2,0,68,2.800135374069214,0.8208955223880597
frozen,2,2,0,69,2.7985451221466064,0.8208955223880597
frozen,2,2,1,1,3.069148063659668,0.7959183673469388
frozen,2,2,1,2,3.0672523975372314,0.8367346938775511
frozen,2,2,1,3,3.065359354019165,0.8775510204081632
frozen,2,2,1,4,3.0634686946868896,0.8979591836734694
frozen,2,2,1,5,3.0615806579589844,0.8979591836734694
frozen,2,2,1,6,3.059695243835449,0.9183673469387755
frozen,2,2,1,7,3.057812452316284,0.9183673469387755
frozen,2,2,1,8,3.055931806564331,0.9183673469387755
frozen,2,2,1,9,3.0540544986724854,0.9183673469387755
frozen,2,2,1,10,3.0521795749664307,0.9183673469387755
frozen,2,2,1,11,3.050307273864746,0.9183673469387755
frozen,2,2,1,12,3.04843807220459,0.9387755102040817
frozen,2,2,1,13,3.0465712547302246,0.9387755102040817
frozen,2,2,1,14,3.0447072982788086,0.9387755102040817
frozen,2,2,1,15,3.042846441268921,0.9387755102040817
frozen,2,2,1,16,3.0409882068634033,0.9387755102040817
frozen,2,2,1,17,3.039132833480835,0.9387755102040817
frozen,2,2,1,18,3.037280797958374,0.9387755102040817
frozen,2,2,1,19,3.035430908203125,0.9387755102040817
frozen,2,2,1,20,3.0335843563079834,0.9387755102040817
frozen,2,2,1,21,3.031740665435791,0.9183673469387755
frozen,2,2,1,22,3.029899835586548,0.9183673469387755
frozen,2,2,1,23,3.028062343597412,0.9183673469387755
frozen,2,2,1,24,3.0262274742126465,0.9183673469387755
frozen,2,2,1,25,3.024395704269409,0.9183673469387755
frozen,2,2,1,26,3.0225670337677,0.9183673469387755
frozen,2,2,1,27,3.0207412242889404,0.9183673469387755
frozen,2,2,2,1,2.9993855953216553,0.19230769230769232
frozen,2,2,2,2,2.9972236156463623,0.23076923076923078
frozen,2,2,2,3,2.995063543319702,0.21153846153846154
frozen,2,2,2,4,2.992906093597412,0.28846153846153844
frozen,2,2,2,5,2.9907517433166504,0.3269230769230769
frozen,2,2,2,6,2.9885995388031006,0.36538461538461536
frozen,2,2,2,7,2.9864509105682373,0.40384615384615385
frozen,2,2,2,8,2.984304189682007,0.4423076923076923
frozen,2,2,2,9,2.9821603298187256,0.4423076923076923
frozen,2,2,2,10,2.980020046234131,0.4423076923076923
frozen,2,2,2,11,2.9778823852539062,0.4423076923076923
frozen,2,2,2,12,2.9757471084594727,0.4807692307692308
frozen,2,2,2,13,2.9736151695251465,0.5192307692307693
frozen,2,2,2,14,2.9714858531951904,0.5192307692307693
frozen,2,2,2,15,2.969360113143921,0.5576923076923077
frozen,2,2,2,16,2.9672369956970215,0.5576923076923077
frozen,2,2,2,17,2.9651169776916504,0.5576923076923077
frozen,2,2,2,18,2.9630002975463867,0.5576923076923077
frozen,2,2,2,19,2.9608864784240723,0.5769230769230769
frozen,2,2,2,20,2.958775520324707,0.5769230769230769
frozen,2,2,2,21,2.9566686153411865,0.5769230769230769
frozen,2,2,2,22,2.954564094543457,0.5961538461538461
frozen,2,2,2,23,2.952462673187256,0.5769230769230769
frozen,2,2,2,24,2.950364828109741,0.5769230769230769
frozen,2,2,2,25,2.948270559310913,0.5769230769230769
frozen,2,2,2,26,2.946179151535034,0.5769230769230769
frozen,2,2,2,27,2.9440908432006836,0.5769230769230769
frozen,2,2,2,28,2.9420061111450195,0.5769230769230769
frozen,2,2,2,29,2.939924478530884,0.5769230769230769
frozen,2,2,2,30,2.9378461837768555,0.5769230769230769
frozen,2,2,2,31,2.9357712268829346,0.5961538461538461
frozen,2,2,2,32,2.933699131011963,0.5961538461538461
frozen,2,2,2,33,2.931630849838257,0.5961538461538461
frozen,2,2,2,34,2.9295661449432373,0.5961538461538461
frozen,2,2,2,35,2.927504062652588,0.5961538461538461
frozen,2,2,2,36,2.925445795059204,0.5961538461538461
frozen,2,2,2,37,2.9233908653259277,0.5961538461538461
adapted,2,2,0,1,2.9126381874084473,0.417910447761194
adapted,2,2,0,2,2.9085440635681152,0.5074626865671642
adapted,2,2,0,3,2.9044768810272217,0.6268656716417911
adapted,2,2,0,4,2.900397539138794,0.6865671641791045
adapted,2,2,0,5,2.896268367767334,0.7014925373134329
adapted,2,2,0,6,2.8920440673828125,0.7014925373134329
adapted,2,2,0,7,2.8876864910125732,0.7014925373134329
adapted,2,2,0,8,2.88315749168396,0.7313432835820896
adapted,2,2,0,9,2.878420114517212,0.746268656716418
adapted,2,2,0,10,2.873447895050049,0.746268656716418
adapted,2,2,0,11,2.868218183517456,0.746268656716418
adapted,2,2,0,12,2.86269211769104,0.7611940298507462
adapted,2,2,0,13,2.8568453788757324,0.7761194029850746
adapted,2,2,0,14,2.8506550788879395,0.7761194029850746
adapted,2,2,0,15,2.844095230102539,0.7761194029850746
adapted,2,2,0,16,2.8371453285217285,0.7761194029850746
adapted,2,2,0,17,2.8297882080078125,0.7761194029850746
adapted,2,2,0,18,2.8220021724700928,0.7761194029850746
adapted,2,2,0,19,2.8137593269348145,0.7761194029850746
adapted,2,2,0,20,2.8050570487976074,0.7761194029850746
adapted,2,2,0,21,2.79585599899292,0.7761194029850746
adapted,2,2,0,22,2.786154270172119,0.7910447761194029
adapted,2,2,0,23,2.775913715362549,0.7910447761194029
adapted,2,2,0,24,2.7651145458221436,0.7910447761194029
adapted,2,2,0,25,2.7537665367126465,0.7910447761194029
adapted,2,2,0,26,2.7418429851531982,0.7910447761194029
adapted,2,2,0,27,2.7293214797973633,0.7910447761194029
adapted,2,2,0,28,2.716207504272461,0.7910447761194029
adapted,2,2,0,29,2.7024989128112793,0.7910447761194029
adapted,2,2,0,30,2.688178539276123,0.7910447761194029
adapted,2,2,0,31,2.673252582550049,0.7910447761194029
adapted,2,2,0,32,2.6577324867248535,0.7910447761194029
adapted,2,2,0,33,2.641608953475952,0.7910447761194029
adapted,2,2,0,34,2.6248974800109863,0.7910447761194029
adapted,2,2,0,35,2.6075968742370605,0.7910447761194029
adapted,2,2,0,36,2.589700698852539,0.7910447761194029
adapted,2,2,0,37,2.5712087154388428,0.7910447761194029
adapted,2,2,1,1,3.069148063659668,0.8163265306122449
adapted,2,2,1,2,3.064737558364868,0.8571428571428571
adapted,2,2,1,3,3.0603408813476562,0.8979591836734694
adapted,2,2,1,4,3.0559194087982178,0.8979591836734694
adapted,2,2,1,5,3.05142879486084,0.9183673469387755
adapted,2,2,1,6,3.04683780670166,0.9183673469387755
adapted,2,2,1,7,3.0421149730682373,0.9387755102040817
adapted,2,2,1,8,3.0372252464294434,0.9387755102040817
adapted,2,2,1,9,3.0321319103240967,0.9387755102040817
adapted,2,2,1,10,3.0268144607543945,0.9387755102040817
adapted,2,2,1,11,3.0212252140045166,0.9387755102040817
adapted,2,2,1,12,3.0153396129608154,0.9387755102040817
adapted,2,2,1,13,3.0091331005096436,0.9387755102040817
adapted,2,2,1,14,3.0025742053985596,0.9387755102040817
adapted,2,2,1,15,2.9956276416778564,0.9387755102040817
adapted,2,2,1,16,2.9882822036743164,0.9387755102040817
adapted,2,2,1,17,2.980499505996704,0.9387755102040817
adapted,2,2,1,18,2.9722609519958496,0.9387755102040817
adapted,2,2,1,19,2.963557243347168,0.9387755102040817
adapted,2,2,1,20,2.954348564147949,0.9387755102040817
adapted,2,2,1,21,2.9446356296539307,0.9387755102040817
adapted,2,2,1,22,2.934394121170044,0.9387755102040817
adapted,2,2,2,1,2.9993855953216553,0.21153846153846154
adapted,2,2,2,2,2.994269371032715,0.28846153846153844
adapted,2,2,2,3,2.989159345626831,0.36538461538461536
adapted,2,2,2,4,2.9840128421783447,0.46153846153846156
adapted,2,2,2,5,2.978801965713501,0.4423076923076923
adapted,2,2,2,6,2.9734811782836914,0.5384615384615384
adapted,2,2,2,7,2.9680099487304688,0.5576923076923077
adapted,2,2,2,8,2.962355136871338,0.5576923076923077
adapted,2,2,2,9,2.956472873687744,0.5576923076923077
adapted,2,2,2,10,2.9503285884857178,0.5769230769230769
adapted,2,2,2,11,2.9438889026641846,0.5769230769230769
adapted,2,2,2,12,2.9371225833892822,0.5769230769230769
adapted,2,2,2,13,2.929997444152832,0.5769230769230769
adapted,2,2,2,14,2.9224853515625,0.5961538461538461
adapted,2,2,2,15,2.914557695388794,0.5961538461538461
adapted,2,2,2,16,2.906181573867798,0.6153846153846154
adapted,2,2,2,17,2.897348403930664,0.6153846153846154
adapted,2,2,2,18,2.888031482696533,0.6153846153846154
adapted,2,2,2,19,2.8782083988189697,0.6153846153846154
adapted,2,2,2,20,2.8678674697875977,0.6153846153846154
adapted,2,2,2,21,2.856994390487671,0.6153846153846154
adapted,2,2,2,22,2.8455655574798584,0.6153846153846154
adapted,2,2,2,23,2.8335869312286377,0.6153846153846154
adapted,2,2,2,24,2.8210337162017822,0.6153846153846154
adapted,2,2,2,25,2.8079049587249756,0.6153846153846154
adapted,2,2,2,26,2.7941994667053223,0.6153846153846154
adapted,2,2,2,27,2.7799158096313477,0.6153846153846154
adapted,2,2,2,28,2.7650463581085205,0.6153846153846154
adapted,2,2,2,29,2.7495901584625244,0.6346153846153846
adapted,2,2,2,30,2.733563184738159,0.6346153846153846
adapted,2,2,2,31,2.716960906982422,0.6346153846153846
adapted,2,2,2,32,2.6997923851013184,0.6346153846153846
adapted,2,2,2,33,2.6820671558380127,0.6346153846153846
adapted,2,2,2,34,2.663804054260254,0.6346153846153846
adapted,2,2,2,35,2.6449978351593018,0.6346153846153846
adapted,2,2,2,36,2.6256749629974365,0.6346153846153846
adapted,2,2,2,37,2.605861186981201,0.6346153846153846
adapted,2,2,2,38,2.5855636596679688,0.6346153846153846
adapted,2,2,2,39,2.5648179054260254,0.6346153846153846
adapted,2,2,2,40,2.5436336994171143,0.6346153846153846
adapted,2,2,2,41,2.5220530033111572,0.6346153846153846
adapted,2,2,2,42,2.5000786781311035,0.6346153846153846
adapted,2,2,2,43,2.4777607917785645,0.6346153846153846
adapted,2,2,2,44,2.4551239013671875,0.6346153846153846
frozen,2,3,0,1,2.894198179244995,0.5454545454545454
frozen,2,3,0,2,2.891963243484497,0.5818181818181818
frozen,2,3,0,3,2.8897321224212646,0.5818181818181818
frozen,2,3,0,4,2.887505054473877,0.6
frozen,2,3,0,5,2.885281801223755,0.6545454545454545
frozen,2,3,0,6,2.8830623626708984,0.6545454545454545
frozen,2,3,0,7,2.8808467388153076,0.6545454545454545
frozen,2,3,0,8,2.878635883331299,0.6545454545454545
frozen,2,3,0,9,2.8764283657073975,0.6545454545454545
frozen,2,3,0,10,2.874225616455078,0.6545454545454545
frozen,2,3,0,11,2.8720264434814453,0.6727272727272727
frozen,2,3,0,12,2.8698315620422363,0.6727272727272727
frozen,2,3,0,13,2.8676414489746094,0.6727272727272727
frozen,2,3,0,14,2.8654556274414062,0.6727272727272727
frozen,2,3,0,15,2.863274097442627,0.6727272727272727
frozen,2,3,0,16,2.8610966205596924,0.6909090909090909
frozen,2,3,0,17,2.8589236736297607,0.6909090909090909
frozen,2,3,0,18,2.856755495071411,0.7090909090909091
frozen,2,3,0,19,2.8545916080474854,0.7090909090909091
frozen,2,3,0,20,2.8524324893951416,0.7090909090909091
frozen,2,3,0,21,2.8502776622772217,0.7090909090909091
frozen,2,3,0,22,2.848127841949463,0.7090909090909091
frozen,2,3,0,23,2.845982313156128,0.7090909090909091
frozen,2,3,0,24,2.843841552734375,0.7090909090909091
frozen,2,3,0,25,2.841705799102783,0.7090909090909091
frozen,2,3,0,26,2.839574098587036,0.7090909090909091
frozen,2,3,0,27,2.8374476432800293,0.7090909090909091
frozen,2,3,0,28,2.8353257179260254,0.7090909090909091
frozen,2,3,0,29,2.8332087993621826,0.7090909090909091
frozen,2,3,0,30,2.8310961723327637,0.7090909090909091
frozen,2,3,0,31,2.828988552093506,0.7272727272727273
frozen,2,3,0,32,2.826885938644409,0.7272727272727273
frozen,2,3,0,33,2.8247878551483154,0.7272727272727273
frozen,2,3,0,34,2.822695016860962,0.7272727272727273
frozen,2,3,0,35,2.8206067085266113,0.7090909090909091
frozen,2,3,0,36,2.8185229301452637,0.7090909090909091
frozen,2,3,0,37,2.816444158554077,0.7090909090909091
frozen,2,3,0,38,2.8143703937530518,0.7090909090909091
frozen,2,3,0,39,2.81230092048645,0.7090909090909091
frozen,2,3,0,40,2.810236692428589,0.7090909090909091
frozen,2,3,0,41,2.8081772327423096,0.7090909090909091
frozen,2,3,0,42,2.806122303009033,0.7090909090909091
frozen,2,3,0,43,2.804072618484497,0.7090909090909091
frozen,2,3,0,44,2.8020272254943848,0.6909090909090909
frozen,2,3,0,45,2.7999866008758545,0.6909090909090909
frozen,2,3,0,46,2.7979512214660645,0.6909090909090909
frozen,2,3,1,1,2.9411919116973877,0.8780487804878049
frozen,2,3,1,2,2.9393503665924072,0.9024390243902439
frozen,2,3,1,3,2.937511682510376,0.9024390243902439
frozen,2,3,1,4,2.9356749057769775,0.9512195121951219
frozen,2,3,1,5,2.933840751647949,0.9512195121951219
frozen,2,3,1,6,2.932009220123291,0.9512195121951219
frozen,2,3,1,7,2.930180311203003,0.9512195121951219
frozen,2,3,1,8,2.928353786468506,0.975609756097561
frozen,2,3,1,9,2.926529884338379,0.9512195121951219
frozen,2,3,1,10,2.924708604812622,0.9512195121951219
frozen,2,3,1,11,2.9228899478912354,0.9512195121951219
frozen,2,3,1,12,2.921074151992798,0.9512195121951219
frozen,2,3,1,13,2.9192609786987305,0.926829268292683
frozen,2,3,1,14,2.9174509048461914,0.926829268292683
frozen,2,3,1,15,2.9156434535980225,0.926829268292683
frozen,2,3,1,16,2.9138388633728027,0.8780487804878049
frozen,2,3,1,17,2.9120371341705322,0.8780487804878049
frozen,2,3,1,18,2.910238027572632,0.8780487804878049
frozen,2,3,1,19,2.9084420204162598,0.8780487804878049
frozen,2,3,1,20,2.906648874282837,0.8780487804878049
frozen,2,3,1,21,2.9048585891723633,0.8780487804878049
frozen,2,3,1,22,2.903071880340576,0.8780487804878049
frozen,2,3,1,23,2.901287317276001,0.8780487804878049
frozen,2,3,2,1,2.826688528060913,0.2909090909090909
frozen,2,3,2,2,2.824993371963501,0.4
frozen,2,3,2,3,2.823300361633301,0.509090909090909
frozen,2,3,2,4,2.8216097354888916,0.5636363636363636
frozen,2,3,2,5,2.8199212551116943,0.6363636363636364
frozen,2,3,2,6,2.818235158920288,0.6727272727272727
frozen,2,3,2,7,2.816551685333252,0.7272727272727273
frozen,2,3,2,8,2.8148703575134277,0.7272727272727273
frozen,2,3,2,9,2.8131914138793945,0.7272727272727273
frozen,2,3,2,10,2.8115153312683105,0.7272727272727273
frozen,2,3,2,11,2.8098413944244385,0.7272727272727273
frozen,2,3,2,12,2.8081698417663574,0.7636363636363637
frozen,2,3,2,13,2.8065011501312256,0.7636363636363637
frozen,2,3,2,14,2.8048348426818848,0.7636363636363637
frozen,2,3,2,15,2.803171157836914,0.7818181818181819
frozen,2,3,2,16,2.8015103340148926,0.7818181818181819
frozen,2,3,2,17,2.799851894378662,0.7818181818181819
frozen,2,3,2,18,2.7981960773468018,0.8
frozen,2,3,2,19,2.7965428829193115,0.8
frozen,2,3,2,20,2.7948927879333496,0.8181818181818182
frozen,2,3,2,21,2.7932450771331787,0.8181818181818182
frozen,2,3,2,22,2.791600227355957,0.8181818181818182
frozen,2,3,2,23,2.7899580001831055,0.8363636363636363
frozen,2,3,2,24,2.788318634033203,0.8363636363636363
frozen,2,3,2,25,2.78668212890625,0.8545454545454545
frozen,2,3,2,26,2.785048007965088,0.8545454545454545
frozen,2,3,2,27,2.783416986465454,0.8545454545454545
frozen,2,3,2,28,2.7817888259887695,0.8727272727272727
frozen,2,3,2,29,2.780163526535034,0.8727272727272727
frozen,2,3,2,30,2.77854061126709,0.8727272727272727
frozen,2,3,2,31,2.776920795440674,0.8909090909090909
frozen,2,3,2,32,2.775303840637207,0.8909090909090909
frozen,2,3,2,33,2.7736899852752686,0.8909090909090909
frozen,2,3,2,34,2.772078514099121,0.8727272727272727
frozen,2,3,2,35,2.770470142364502,0.8727272727272727
frozen,2,3,2,36,2.768864631652832,0.8727272727272727
frozen,2,3,2,37,2.7672617435455322,0.8727272727272727
frozen,2,3,2,38,2.7656617164611816,0.8727272727272727
frozen,2,3,2,39,2.7640645503997803,0.8727272727272727
frozen,2,3,2,40,2.7624704837799072,0.8727272727272727
frozen,2,3,2,41,2.760878801345825,0.8727272727272727
frozen,2,3,2,42,2.7592902183532715,0.8727272727272727
frozen,2,3,2,43,2.757704257965088,0.8727272727272727
frozen,2,3,2,44,2.7561216354370117,0.8727272727272727
frozen,2,3,2,45,2.7545411586761475,0.8727272727272727
frozen,2,3,2,46,2.7529640197753906,0.8727272727272727
adapted,2,3,0,1,2.894198179244995,0.5818181818181818
adapted,2,3,0,2,2.8892688751220703,0.6181818181818182
adapted,2,3,0,3,2.884300947189331,0.6363636363636364
adapted,2,3,0,4,2.879251480102539,0.6727272727272727
adapted,2,3,0,5,2.874074935913086,0.6727272727272727
adapted,2,3,0,6,2.868731737136841,0.6727272727272727
adapted,2,3,0,7,2.863190174102783,0.6727272727272727
adapted,2,3,0,8,2.857405662536621,0.6727272727272727
adapted,2,3,0,9,2.8513529300689697,0.6727272727272727
adapted,2,3,0,10,2.8450069427490234,0.6727272727272727
adapted,2,3,0,11,2.8383326530456543,0.6727272727272727
adapted,2,3,0,12,2.8313021659851074,0.6909090909090909
adapted,2,3,0,13,2.823901653289795,0.7090909090909091
adapted,2,3,0,14,2.816100597381592,0.7090909090909091
adapted,2,3,0,15,2.8078861236572266,0.7090909090909091
adapted,2,3,0,16,2.799248695373535,0.7090909090909091
adapted,2,3,0,17,2.790165424346924,0.7090909090909091
adapted,2,3,0,18,2.7806236743927,0.7090909090909091
adapted,2,3,0,19,2.7706117630004883,0.6909090909090909
adapted,2,3,0,20,2.7601239681243896,0.6909090909090909
adapted,2,3,0,21,2.7491602897644043,0.6909090909090909
adapted,2,3,0,22,2.7377102375030518,0.6909090909090909
adapted,2,3,0,23,2.7257659435272217,0.6909090909090909
adapted,2,3,0,24,2.7133395671844482,0.6909090909090909
adapted,2,3,0,25,2.700417995452881,0.6909090909090909
adapted,2,3,0,26,2.6870181560516357,0.6909090909090909
adapted,2,3,0,27,2.673128604888916,0.6909090909090909
adapted,2,3,0,28,2.6587672233581543,0.6909090909090909
adapted,2,3,1,1,2.9411919116973877,0.9024390243902439
adapted,2,3,1,2,2.936899423599243,0.975609756097561
adapted,2,3,1,3,2.9326560497283936,0.9512195121951219
adapted,2,3,1,4,2.9284143447875977,0.975609756097561
adapted,2,3,1,5,2.924126625061035,0.9512195121951219
adapted,2,3,1,6,2.919755458831787,0.9512195121951219
adapted,2,3,1,7,2.9152672290802,0.9024390243902439
adapted,2,3,1,8,2.9106180667877197,0.9024390243902439
adapted,2,3,1,9,2.9057745933532715,0.9024390243902439
adapted,2,3,1,10,2.9007110595703125,0.9024390243902439
adapted,2,3,1,11,2.8953895568847656,0.9024390243902439
adapted,2,3,1,12,2.8897833824157715,0.8536585365853658
adapted,2,3,1,13,2.88387131690979,0.8536585365853658
adapted,2,3,1,14,2.8776261806488037,0.8536585365853658
adapted,2,3,1,15,2.8710265159606934,0.8536585365853658
adapted,2,3,1,16,2.8640527725219727,0.8536585365853658
adapted,2,3,1,17,2.8566834926605225,0.8536585365853658
adapted,2,3,1,18,2.848903179168701,0.8536585365853658
adapted,2,3,1,19,2.8406922817230225,0.8536585365853658
adapted,2,3,1,20,2.8320364952087402,0.8536585365853658
adapted,2,3,2,1,2.826688528060913,0.4
adapted,2,3,2,2,2.822760581970215,0.5636363636363636
adapted,2,3,2,3,2.8188564777374268,0.6727272727272727
adapted,2,3,2,4,2.8149378299713135,0.6909090909090909
adapted,2,3,2,5,2.810969591140747,0.7090909090909091
adapted,2,3,2,6,2.8069069385528564,0.7272727272727273
adapted,2,3,2,7,2.802717447280884,0.7272727272727273
adapted,2,3,2,8,2.7983694076538086,0.7272727272727273
adapted,2,3,2,9,2.793828010559082,0.7272727272727273
adapted,2,3,2,10,2.7890655994415283,0.7272727272727273
adapted,2,3,2,11,2.7840540409088135,0.7272727272727273
adapted,2,3,2,12,2.7787625789642334,0.7636363636363637
adapted,2,3,2,13,2.7731704711914062,0.7636363636363637
adapted,2,3,2,14,2.7672431468963623,0.7818181818181819
adapted,2,3,2,15,2.760957956314087,0.7818181818181819
adapted,2,3,2,16,2.7542989253997803,0.7818181818181819
adapted,2,3,2,17,2.747244358062744,0.7818181818181819
adapted,2,3,2,18,2.7397730350494385,0.8
adapted,2,3,2,19,2.7318596839904785,0.8
adapted,2,3,2,20,2.7234983444213867,0.8
adapted,2,3,2,21,2.7146644592285156,0.8
adapted,2,3,2,22,2.705348014831543,0.8
adapted,2,3,2,23,2.6955301761627197,0.8
adapted,2,3,2,24,2.6852071285247803,0.8
adapted,2,3,2,25,2.6743662357330322,0.8
adapted,2,3,2,26,2.6629791259765625,0.8
adapted,2,3,2,27,2.6510419845581055,0.8
adapted,2,3,2,28,2.638561964035034,0.8
adapted,2,3,2,29,2.6255528926849365,0.8
adapted,2,3,2,30,2.6119909286499023,0.8
adapted,2,3,2,31,2.597882032394409,0.8
adapted,2,3,2,32,2.583228826522827,0.8
adapted,2,3,2,33,2.5680391788482666,0.8
frozen,2,4,0,1,2.8215222358703613,0.8064516129032258
frozen,2,4,0,2,2.8194854259490967,0.8225806451612904
frozen,2,4,0,3,2.817451000213623,0.8225806451612904
frozen,2,4,0,4,2.8154189586639404,0.8064516129032258
frozen,2,4,0,5,2.813389301300049,0.8387096774193549
frozen,2,4,0,6,2.811361789703369,0.8387096774193549
frozen,2,4,0,7,2.8093364238739014,0.8387096774193549
frozen,2,4,0,8,2.807313919067383,0.8387096774193549
frozen,2,4,0,9,2.805293560028076,0.8387096774193549
frozen,2,4,0,10,2.8032755851745605,0.8387096774193549
frozen,2,4,0,11,2.801260471343994,0.8387096774193549
frozen,2,4,0,12,2.7992472648620605,0.8387096774193549
frozen,2,4,0,13,2.797236919403076,0.8387096774193549
frozen,2,4,0,14,2.795228958129883,0.8387096774193549
frozen,2,4,0,15,2.7932238578796387,0.8225806451612904
frozen,2,4,0,16,2.7912211418151855,0.8225806451612904
frozen,2,4,0,17,2.7892212867736816,0.8225806451612904
frozen,2,4,0,18,2.787224292755127,0.8225806451612904
frozen,2,4,0,19,2.785229206085205,0.8225806451612904
frozen,2,4,0,20,2.7832372188568115,0.8064516129032258
frozen,2,4,1,1,2.910961151123047,0.8
frozen,2,4,1,2,2.908708095550537,0.8571428571428571
frozen,2,4,1,3,2.9064579010009766,0.8857142857142857
frozen,2,4,1,4,2.9042110443115234,0.8857142857142857
frozen,2,4,1,5,2.9019670486450195,0.8857142857142857
frozen,2,4,1,6,2.899726629257202,0.8857142857142857
frozen,2,4,1,7,2.897489070892334,0.9142857142857143
frozen,2,4,1,8,2.895254611968994,0.9142857142857143
frozen,2,4,1,9,2.8930234909057617,0.9142857142857143
frozen,2,4,1,10,2.890795946121216,0.9142857142857143
frozen,2,4,1,11,2.8885717391967773,0.8857142857142857
frozen,2,4,1,12,2.8863508701324463,0.8571428571428571
frozen,2,4,1,13,2.8841333389282227,0.8571428571428571
frozen,2,4,1,14,2.8819196224212646,0.8285714285714286
frozen,2,4,1,15,2.879709005355835,0.8
frozen,2,4,1,16,2.877502202987671,0.8
frozen,2,4,1,17,2.8752989768981934,0.8
frozen,2,4,1,18,2.8730993270874023,0.8
frozen,2,4,1,19,2.870903253555298,0.7714285714285715
frozen,2,4,1,20,2.868710517883301,0.7714285714285715
frozen,2,4,1,21,2.8665220737457275,0.7714285714285715
frozen,2,4,1,22,2.8643369674682617,0.7714285714285715
frozen,2,4,2,1,2.809370994567871,0.12962962962962962
frozen,2,4,2,2,2.8076937198638916,0.2222222222222222
frozen,2,4,2,3,2.806018114089966,0.3333333333333333
frozen,2,4,2,4,2.8043439388275146,0.3888888888888889
frozen,2,4,2,5,2.802671194076538,0.5740740740740741
frozen,2,4,2,6,2.8010001182556152,0.6666666666666666
frozen,2,4,2,7,2.799330949783325,0.7222222222222222
frozen,2,4,2,8,2.7976632118225098,0.7592592592592593
frozen,2,4,2,9,2.795996904373169,0.7962962962962963
frozen,2,4,2,10,2.79433274269104,0.8333333333333334
frozen,2,4,2,11,2.792670249938965,0.8518518518518519
frozen,2,4,2,12,2.7910094261169434,0.8888888888888888
frozen,2,4,2,13,2.7893502712249756,0.8888888888888888
frozen,2,4,2,14,2.7876930236816406,0.9259259259259259
frozen,2,4,2,15,2.7860372066497803,0.9259259259259259
frozen,2,4,2,16,2.784383535385132,0.9259259259259259
frozen,2,4,2,17,2.782731771469116,0.9259259259259259
frozen,2,4,2,18,2.7810819149017334,0.9259259259259259
frozen,2,4,2,19,2.7794337272644043,0.9259259259259259
frozen,2,4,2,20,2.777787685394287,0.9259259259259259
frozen,2,4,2,21,2.7761433124542236,0.9444444444444444
frozen,2,4,2,22,2.774500846862793,0.9444444444444444
frozen,2,4,2,23,2.772860527038574,0.9629629629629629
frozen,2,4,2,24,2.7712221145629883,0.9629629629629629
frozen,2,4,2,25,2.769585609436035,0.9629629629629629
frozen,2,4,2,26,2.767951011657715,0.9629629629629629
frozen,2,4,2,27,2.7663185596466064,0.9629629629629629
frozen,2,4,2,28,2.76468825340271,0.9629629629629629
frozen,2,4,2,29,2.7630598545074463,0.9629629629629629
frozen,2,4,2,30,2.7614328861236572,0.9629629629629629
frozen,2,4,2,31,2.7598087787628174,0.9629629629629629
frozen,2,4,2,32,2.7581863403320312,0.9629629629629629
frozen,2,4,2,33,2.756566047668457,0.9629629629629629
frozen,2,4,2,34,2.7549479007720947,0.9629629629629629
frozen,2,4,2,35,2.753331184387207,0.9629629629629629
frozen,2,4,2,36,2.7517170906066895,0.9629629629629629
frozen,2,4,2,37,2.7501049041748047,0.9629629629629629
frozen,2,4,2,38,2.748494863510132,0.9629629629629629
adapted,2,4,0,1,2.8215222358703613,0.8225806451612904
adapted,2,4,0,2,2.8167412281036377,0.8064516129032258
adapted,2,4,0,3,2.8118643760681152,0.8225806451612904
adapted,2,4,0,4,2.806856870651245,0.8225806451612904
adapted,2,4,0,5,2.801669120788574,0.8225806451612904
adapted,2,4,0,6,2.796267032623291,0.8225806451612904
adapted,2,4,0,7,2.790618658065796,0.8225806451612904
adapted,2,4,0,8,2.7846827507019043,0.8225806451612904
adapted,2,4,0,9,2.7784299850463867,0.8225806451612904
adapted,2,4,0,10,2.77183198928833,0.8225806451612904
adapted,2,4,0,11,2.7648513317108154,0.8225806451612904
adapted,2,4,0,12,2.757471799850464,0.8225806451612904
adapted,2,4,0,13,2.749673366546631,0.8225806451612904
adapted,2,4,0,14,2.7414262294769287,0.8225806451612904
adapted,2,4,0,15,2.7327096462249756,0.8225806451612904
adapted,2,4,0,16,2.723518133163452,0.8225806451612904
adapted,2,4,0,17,2.7138173580169678,0.8064516129032258
adapted,2,4,0,18,2.703606128692627,0.8064516129032258
adapted,2,4,0,19,2.69285249710083,0.8064516129032258
adapted,2,4,0,20,2.6815552711486816,0.8064516129032258
adapted,2,4,1,1,2.910961151123047,0.8571428571428571
adapted,2,4,1,2,2.905877113342285,0.9142857142857143
adapted,2,4,1,3,2.90073299407959,0.9142857142857143
adapted,2,4,1,4,2.8954856395721436,0.9142857142857143
adapted,2,4,1,5,2.8901009559631348,0.8857142857142857
adapted,2,4,1,6,2.8845458030700684,0.8
adapted,2,4,1,7,2.8787894248962402,0.8
adapted,2,4,1,8,2.872796058654785,0.7714285714285715
adapted,2,4,1,9,2.8665335178375244,0.7714285714285715
adapted,2,4,1,10,2.859970808029175,0.7714285714285715
adapted,2,4,1,11,2.8530664443969727,0.7714285714285715
adapted,2,4,1,12,2.845787286758423,0.7714285714285715
adapted,2,4,1,13,2.8381052017211914,0.7714285714285715
adapted,2,4,1,14,2.83000111579895,0.7714285714285715
adapted,2,4,1,15,2.8214364051818848,0.7714285714285715
adapted,2,4,1,16,2.81239914894104,0.7714285714285715
adapted,2,4,1,17,2.802865743637085,0.7714285714285715
adapted,2,4,1,18,2.7928011417388916,0.7714285714285715
adapted,2,4,1,19,2.782189130783081,0.7714285714285715
adapted,2,4,1,20,2.7710206508636475,0.7714285714285715
adapted,2,4,2,1,2.809370994567871,0.2222222222222222
adapted,2,4,2,2,2.8054258823394775,0.42592592592592593
adapted,2,4,2,3,2.8015427589416504,0.6296296296296297
adapted,2,4,2,4,2.797683000564575,0.7777777777777778
adapted,2,4,2,5,2.7938027381896973,0.8333333333333334
adapted,2,4,2,6,2.789856433868408,0.8888888888888888
adapted,2,4,2,7,2.7858126163482666,0.9074074074074074
adapted,2,4,2,8,2.7816388607025146,0.9259259259259259
adapted,2,4,2,9,2.777290105819702,0.9259259259259259
adapted,2,4,2,10,2.7727365493774414,0.9259259259259259
adapted,2,4,2,11,2.767944574356079,0.9444444444444444
adapted,2,4,2,12,2.7628772258758545,0.9444444444444444
adapted,2,4,2,13,2.7575008869171143,0.9444444444444444
adapted,2,4,2,14,2.7517812252044678,0.9444444444444444
adapted,2,4,2,15,2.74568247795105,0.9629629629629629
adapted,2,4,2,16,2.739177942276001,0.9629629629629629
adapted,2,4,2,17,2.7322380542755127,0.9814814814814815
adapted,2,4,2,18,2.7248315811157227,0.9814814814814815
adapted,2,4,2,19,2.716932535171509,0.9814814814814815
adapted,2,4,2,20,2.7085182666778564,0.9814814814814815
adapted,2,4,2,21,2.6995604038238525,0.9814814814814815
adapted,2,4,2,22,2.6900475025177,0.9814814814814815
adapted,2,4,2,23,2.6799521446228027,0.9814814814814815
adapted,2,4,2,24,2.669260263442993,0.9814814814814815
adapted,2,4,2,25,2.6579692363739014,0.9814814814814815
adapted,2,4,2,26,2.6460788249969482,0.9814814814814815
adapted,2,4,2,27,2.633575439453125,0.9814814814814815
adapted,2,4,2,28,2.6204607486724854,0.9814814814814815
adapted,2,4,2,29,2.6067352294921875,0.9814814814814815
adapted,2,4,2,30,2.5924131870269775,0.9814814814814815
adapted,2,4,2,31,2.5774972438812256,0.9814814814814815
adapted,2,4,2,32,2.5620110034942627,1.0
adapted,2,4,2,33,2.545969247817993,1.0
adapted,2,4,2,34,2.529397487640381,1.0
adapted,2,4,2,35,2.512340545654297,1.0
adapted,2,4,2,36,2.4948227405548096,1.0
adapted,2,4,2,37,2.4768946170806885,1.0
adapted,2,4,2,38,2.458571434020996,1.0
adapted,2,4,2,39,2.4399187564849854,1.0
adapted,2,4,2,40,2.420952558517456,1.0
adapted,2,4,2,41,2.4017128944396973,1.0
adapted,2,4,2,42,2.3822309970855713,1.0
adapted,2,4,2,43,2.3625433444976807,1.0
adapted,2,4,2,44,2.34267258644104,1.0
adapted,2,4,2,45,2.322641611099243,1.0
adapted,2,4,2,46,2.3024580478668213,1.0
adapted,2,4,2,47,2.282128095626831,1.0
