seed,fold,variant,cindex,ece,brier_score,contract_satisfied
42,0,cox_baseline,0.8078308353665621,0.1891891891891892,0.25,True
42,0,ft_transformer,0.7742535145811549,0.11708664075211361,0.1569829802466734,True
42,1,cox_baseline,0.8239708892426655,0.18468468468468469,0.25,True
42,1,ft_transformer,0.7852513077098021,0.10169755721145922,0.16271222740577634,True
