model,repeat,fold,inner,epoch,train_loss,validation_cindex
frozen,0,0,0,1,2.9123470783233643,0.7586206896551724
frozen,0,0,0,2,2.3633618354797363,0.8448275862068966
frozen,0,0,0,3,2.0337469577789307,0.8275862068965517
frozen,0,0,0,4,1.7849032878875732,0.8793103448275862
frozen,0,0,0,5,1.5770552158355713,0.896551724137931
frozen,0,0,0,6,1.3839480876922607,0.8793103448275862
frozen,0,0,0,7,1.2011010646820068,0.8620689655172413
frozen,0,0,0,8,1.0322635173797607,0.8275862068965517
frozen,0,0,0,9,0.8794201016426086,0.8275862068965517
frozen,0,0,0,10,0.7536877393722534,0.8275862068965517
frozen,0,0,0,11,0.6656612157821655,0.8103448275862069
frozen,0,0,0,12,0.5598320960998535,0.8103448275862069
frozen,0,0,0,13,0.5017073154449463,0.8275862068965517
frozen,0,0,0,14,0.46335428953170776,0.8275862068965517
frozen,0,0,0,15,0.41972190141677856,0.7931034482758621
frozen,0,0,0,16,0.3885084092617035,0.7931034482758621
frozen,0,0,0,17,0.3826597332954407,0.8103448275862069
frozen,0,0,0,18,0.34916797280311584,0.8103448275862069
frozen,0,0,0,19,0.32987987995147705,0.8103448275862069
frozen,0,0,0,20,0.3143634796142578,0.8275862068965517
frozen,0,0,1,1,2.827969551086426,0.8918918918918919
frozen,0,0,1,2,2.3600692749023438,0.8918918918918919
frozen,0,0,1,3,1.998228907585144,0.918918918918919
frozen,0,0,1,4,1.7168911695480347,0.918918918918919
frozen,0,0,1,5,1.4826163053512573,0.918918918918919
frozen,0,0,1,6,1.2707101106643677,0.918918918918919
frozen,0,0,1,7,1.0869828462600708,0.918918918918919
frozen,0,0,1,8,0.919633686542511,0.918918918918919
frozen,0,0,1,9,0.7653129696846008,0.918918918918919
frozen,0,0,1,10,0.6436256766319275,0.9459459459459459
frozen,0,0,1,11,0.5428418517112732,0.972972972972973
frozen,0,0,1,12,0.49692031741142273,0.972972972972973
frozen,0,0,1,13,0.4680439233779907,0.9459459459459459
frozen,0,0,1,14,0.5541057586669922,0.9459459459459459
frozen,0,0,1,15,0.4583722949028015,0.972972972972973
frozen,0,0,1,16,0.5385717749595642,0.972972972972973
frozen,0,0,1,17,0.5087307095527649,0.972972972972973
frozen,0,0,1,18,0.3814927935600281,0.972972972972973
frozen,0,0,1,19,0.40976932644844055,0.972972972972973
frozen,0,0,1,20,0.4032195210456848,0.972972972972973
frozen,0,0,1,21,0.3783913850784302,0.972972972972973
frozen,0,0,1,22,0.347354918718338,0.972972972972973
frozen,0,0,1,23,0.34467262029647827,0.9459459459459459
frozen,0,0,1,24,0.35531389713287354,0.972972972972973
frozen,0,0,1,25,0.33247697353363037,0.972972972972973
frozen,0,0,1,26,0.30930379033088684,0.972972972972973
frozen,0,0,2,1,2.9396936893463135,0.8214285714285714
frozen,0,0,2,2,2.3266425132751465,0.7678571428571429
frozen,0,0,2,3,1.9301438331604004,0.7678571428571429
frozen,0,0,2,4,1.6328219175338745,0.7857142857142857
frozen,0,0,2,5,1.4047633409500122,0.7857142857142857
frozen,0,0,2,6,1.212015151977539,0.8035714285714286
frozen,0,0,2,7,1.0384413003921509,0.8214285714285714
frozen,0,0,2,8,0.8843437433242798,0.8214285714285714
frozen,0,0,2,9,0.7567653656005859,0.8571428571428571
frozen,0,0,2,10,0.6447802782058716,0.8214285714285714
frozen,0,0,2,11,0.568526566028595,0.8392857142857143
frozen,0,0,2,12,0.5154154300689697,0.8392857142857143
frozen,0,0,2,13,0.48947766423225403,0.8571428571428571
frozen,0,0,2,14,0.45068156719207764,0.8392857142857143
frozen,0,0,2,15,0.42033472657203674,0.8392857142857143
frozen,0,0,2,16,0.4009599983692169,0.8571428571428571
frozen,0,0,2,17,0.3890547752380371,0.8571428571428571
frozen,0,0,2,18,0.3715066611766815,0.8392857142857143
frozen,0,0,2,19,0.3490079641342163,0.8392857142857143
frozen,0,0,2,20,0.35320591926574707,0.8392857142857143
frozen,0,0,2,21,0.32446688413619995,0.8214285714285714
frozen,0,0,2,22,0.3202780485153198,0.8035714285714286
frozen,0,0,2,23,0.31042277812957764,0.8035714285714286
frozen,0,0,2,24,0.2938700020313263,0.8214285714285714
adapted,0,0,0,1,2.9123470783233643,0.7758620689655172
adapted,0,0,0,2,2.316938877105713,0.8620689655172413
adapted,0,0,0,3,1.951270341873169,0.8448275862068966
adapted,0,0,0,4,1.6692044734954834,0.8793103448275862
adapted,0,0,0,5,1.4252877235412598,0.896551724137931
adapted,0,0,0,6,1.2031548023223877,0.8793103448275862
adapted,0,0,0,7,1.0110565423965454,0.8620689655172413
adapted,0,0,0,8,0.8557752370834351,0.8620689655172413
adapted,0,0,0,9,0.7350276112556458,0.8620689655172413
adapted,0,0,0,10,0.635964572429657,0.8793103448275862
adapted,0,0,0,11,0.5419942140579224,0.8793103448275862
adapted,0,0,0,12,0.4840563237667084,0.8793103448275862
adapted,0,0,0,13,0.4510536789894104,0.8793103448275862
adapted,0,0,0,14,0.4023163914680481,0.8793103448275862
adapted,0,0,0,15,0.3609362542629242,0.8793103448275862
adapted,0,0,0,16,0.34932753443717957,0.8448275862068966
adapted,0,0,0,17,0.3325171172618866,0.8620689655172413
adapted,0,0,0,18,0.3151625394821167,0.8620689655172413
adapted,0,0,0,19,0.3081633150577545,0.8620689655172413
adapted,0,0,0,20,0.30220478773117065,0.8620689655172413
adapted,0,0,1,1,2.827969551086426,0.8918918918918919
adapted,0,0,1,2,2.3015031814575195,0.8918918918918919
adapted,0,0,1,3,1.9042611122131348,0.918918918918919
adapted,0,0,1,4,1.6042107343673706,0.918918918918919
adapted,0,0,1,5,1.3465617895126343,0.918918918918919
adapted,0,0,1,6,1.125415325164795,0.918918918918919
adapted,0,0,1,7,0.9384211897850037,0.918918918918919
adapted,0,0,1,8,0.7728123068809509,0.918918918918919
adapted,0,0,1,9,0.651332676410675,0.918918918918919
adapted,0,0,1,10,0.5531246066093445,0.9459459459459459
adapted,0,0,1,11,0.5026925802230835,0.9459459459459459
adapted,0,0,1,12,0.4634251892566681,0.9459459459459459
adapted,0,0,1,13,0.43572646379470825,0.9459459459459459
adapted,0,0,1,14,0.4303760230541229,0.9459459459459459
adapted,0,0,1,15,0.4120013117790222,0.9459459459459459
adapted,0,0,1,16,0.37691667675971985,0.9459459459459459
adapted,0,0,1,17,0.40372201800346375,0.9459459459459459
adapted,0,0,1,18,0.41038599610328674,0.9459459459459459
adapted,0,0,1,19,0.38358238339424133,0.9459459459459459
adapted,0,0,1,20,0.3700169622898102,0.9459459459459459
adapted,0,0,1,21,0.3487125337123871,0.9459459459459459
adapted,0,0,1,22,0.3638235032558441,0.9459459459459459
adapted,0,0,1,23,0.35045430064201355,0.9459459459459459
adapted,0,0,1,24,0.3395748436450958,0.9459459459459459
adapted,0,0,1,25,0.3308580219745636,0.9459459459459459
adapted,0,0,2,1,2.9396936893463135,0.8214285714285714
adapted,0,0,2,2,2.2786264419555664,0.75
adapted,0,0,2,3,1.8527148962020874,0.7678571428571429
adapted,0,0,2,4,1.5313313007354736,0.7857142857142857
adapted,0,0,2,5,1.278504490852356,0.7857142857142857
adapted,0,0,2,6,1.0640076398849487,0.8035714285714286
adapted,0,0,2,7,0.8883678913116455,0.8035714285714286
adapted,0,0,2,8,0.7545493841171265,0.8392857142857143
adapted,0,0,2,9,0.6374053955078125,0.8392857142857143
adapted,0,0,2,10,0.5582641363143921,0.8392857142857143
adapted,0,0,2,11,0.5058774948120117,0.8392857142857143
adapted,0,0,2,12,0.47178468108177185,0.8392857142857143
adapted,0,0,2,13,0.4327271282672882,0.8214285714285714
adapted,0,0,2,14,0.41599586606025696,0.8392857142857143
adapted,0,0,2,15,0.3870195150375366,0.8571428571428571
adapted,0,0,2,16,0.3856402337551117,0.8392857142857143
adapted,0,0,2,17,0.37036874890327454,0.8571428571428571
adapted,0,0,2,18,0.3560324013233185,0.8571428571428571
adapted,0,0,2,19,0.33982202410697937,0.8392857142857143
adapted,0,0,2,20,0.3471793234348297,0.8571428571428571
adapted,0,0,2,21,0.34224411845207214,0.8571428571428571
adapted,0,0,2,22,0.3161758482456207,0.8571428571428571
adapted,0,0,2,23,0.31615447998046875,0.8571428571428571
adapted,0,0,2,24,0.3093487024307251,0.8571428571428571
adapted,0,0,2,25,0.29570549726486206,0.875
adapted,0,0,2,26,0.2884053587913513,0.875
adapted,0,0,2,27,0.2825929820537567,0.875
adapted,0,0,2,28,0.27093860507011414,0.875
adapted,0,0,2,29,0.26749613881111145,0.875
adapted,0,0,2,30,0.2584916353225708,0.875
adapted,0,0,2,31,0.2526000738143921,0.875
adapted,0,0,2,32,0.2509097754955292,0.875
adapted,0,0,2,33,0.24219417572021484,0.875
adapted,0,0,2,34,0.23481841385364532,0.875
adapted,0,0,2,35,0.23318134248256683,0.875
adapted,0,0,2,36,0.22705255448818207,0.875
adapted,0,0,2,37,0.2200746089220047,0.875
adapted,0,0,2,38,0.21708941459655762,0.8571428571428571
adapted,0,0,2,39,0.2135566771030426,0.8571428571428571
adapted,0,0,2,40,0.20843835175037384,0.875
frozen,0,1,0,1,3.1766197681427,0.7391304347826086
frozen,0,1,0,2,2.7170791625976562,0.8695652173913043
frozen,0,1,0,3,2.420935869216919,0.8913043478260869
frozen,0,1,0,4,2.1520028114318848,0.8913043478260869
frozen,0,1,0,5,1.889651894569397,0.9130434782608695
frozen,0,1,0,6,1.6452248096466064,0.9130434782608695
frozen,0,1,0,7,1.4140572547912598,0.8913043478260869
frozen,0,1,0,8,1.1912925243377686,0.8913043478260869
frozen,0,1,0,9,0.9724867939949036,0.9130434782608695
frozen,0,1,0,10,0.770497739315033,0.8913043478260869
frozen,0,1,0,11,0.6130493879318237,0.8913043478260869
frozen,0,1,0,12,0.5261585712432861,0.9130434782608695
frozen,0,1,0,13,0.4813416600227356,0.8913043478260869
frozen,0,1,0,14,0.4454367160797119,0.9130434782608695
frozen,0,1,0,15,0.43879595398902893,0.9130434782608695
frozen,0,1,0,16,0.40094661712646484,0.9130434782608695
frozen,0,1,0,17,0.36968961358070374,0.9130434782608695
frozen,0,1,0,18,0.37199434638023376,0.9130434782608695
frozen,0,1,0,19,0.3346654772758484,0.9347826086956522
frozen,0,1,0,20,0.3507903814315796,0.9130434782608695
frozen,0,1,0,21,0.30790844559669495,0.9347826086956522
frozen,0,1,0,22,0.3115669786930084,0.9347826086956522
frozen,0,1,0,23,0.2955586910247803,0.9347826086956522
frozen,0,1,0,24,0.28214362263679504,0.9347826086956522
frozen,0,1,0,25,0.27278271317481995,0.9347826086956522
frozen,0,1,0,26,0.2687704861164093,0.9347826086956522
frozen,0,1,0,27,0.2600423991680145,0.9347826086956522
frozen,0,1,0,28,0.24385054409503937,0.9347826086956522
frozen,0,1,0,29,0.23921528458595276,0.9347826086956522
frozen,0,1,0,30,0.2334548979997635,0.9347826086956522
frozen,0,1,0,31,0.22583837807178497,0.9347826086956522
frozen,0,1,0,32,0.2235078066587448,0.9347826086956522
frozen,0,1,0,33,0.21582281589508057,0.9347826086956522
frozen,0,1,0,34,0.20772609114646912,0.9347826086956522
frozen,0,1,1,1,2.8852057456970215,0.7076923076923077
frozen,0,1,1,2,2.3578073978424072,0.7846153846153846
frozen,0,1,1,3,2.0357046127319336,0.7846153846153846
frozen,0,1,1,4,1.8186748027801514,0.7692307692307693
frozen,0,1,1,5,1.647230625152588,0.7846153846153846
frozen,0,1,1,6,1.4643867015838623,0.7846153846153846
frozen,0,1,1,7,1.2771198749542236,0.7692307692307693
frozen,0,1,1,8,1.1191143989562988,0.7846153846153846
frozen,0,1,1,9,0.9820237755775452,0.8
frozen,0,1,1,10,0.8240081667900085,0.8
frozen,0,1,1,11,0.6853095293045044,0.7846153846153846
frozen,0,1,1,12,0.6343250870704651,0.8
frozen,0,1,1,13,0.5837852954864502,0.8153846153846154
frozen,0,1,1,14,0.5333873629570007,0.8153846153846154
frozen,0,1,1,15,0.4947035610675812,0.8153846153846154
frozen,0,1,1,16,0.4452711343765259,0.8
frozen,0,1,1,17,0.4272048771381378,0.8
frozen,0,1,1,18,0.4347110092639923,0.8
frozen,0,1,1,19,0.47295138239860535,0.8
frozen,0,1,1,20,0.38308247923851013,0.8153846153846154
frozen,0,1,1,21,0.4130922257900238,0.8153846153846154
frozen,0,1,1,22,0.3602798283100128,0.8153846153846154
frozen,0,1,1,23,0.3412986695766449,0.8153846153846154
frozen,0,1,1,24,0.34395596385002136,0.8153846153846154
frozen,0,1,1,25,0.32593420147895813,0.8153846153846154
frozen,0,1,1,26,0.3085668683052063,0.8153846153846154
frozen,0,1,1,27,0.298564612865448,0.8153846153846154
frozen,0,1,1,28,0.29333505034446716,0.8153846153846154
frozen,0,1,2,1,3.0158095359802246,0.7708333333333334
frozen,0,1,2,2,2.5302088260650635,0.8125
frozen,0,1,2,3,2.22210693359375,0.8541666666666666
frozen,0,1,2,4,1.9730621576309204,0.8541666666666666
frozen,0,1,2,5,1.7440890073776245,0.8541666666666666
frozen,0,1,2,6,1.5285624265670776,0.8541666666666666
frozen,0,1,2,7,1.3321166038513184,0.8333333333333334
frozen,0,1,2,8,1.1395701169967651,0.8541666666666666
frozen,0,1,2,9,0.9448646903038025,0.8541666666666666
frozen,0,1,2,10,0.7631306052207947,0.875
frozen,0,1,2,11,0.6338232755661011,0.875
frozen,0,1,2,12,0.5396426916122437,0.875
frozen,0,1,2,13,0.4719123840332031,0.8958333333333334
frozen,0,1,2,14,0.44249069690704346,0.8958333333333334
frozen,0,1,2,15,0.41316673159599304,0.8958333333333334
frozen,0,1,2,16,0.38036710023880005,0.8958333333333334
frozen,0,1,2,17,0.36902666091918945,0.8958333333333334
frozen,0,1,2,18,0.3515535593032837,0.8958333333333334
frozen,0,1,2,19,0.35340243577957153,0.8958333333333334
frozen,0,1,2,20,0.3624400794506073,0.8958333333333334
frozen,0,1,2,21,0.325710654258728,0.8958333333333334
frozen,0,1,2,22,0.3173653781414032,0.875
frozen,0,1,2,23,0.309120774269104,0.8541666666666666
frozen,0,1,2,24,0.29960280656814575,0.8541666666666666
frozen,0,1,2,25,0.2835374176502228,0.8333333333333334
frozen,0,1,2,26,0.3166835904121399,0.8333333333333334
frozen,0,1,2,27,0.27129459381103516,0.8541666666666666
frozen,0,1,2,28,0.2887360751628876,0.8541666666666666
adapted,0,1,0,1,3.1766197681427,0.8043478260869565
adapted,0,1,0,2,2.678556203842163,0.8695652173913043
adapted,0,1,0,3,2.347227096557617,0.8913043478260869
adapted,0,1,0,4,2.0287890434265137,0.8913043478260869
adapted,0,1,0,5,1.724808931350708,0.9130434782608695
adapted,0,1,0,6,1.456333875656128,0.9130434782608695
adapted,0,1,0,7,1.215356707572937,0.8913043478260869
adapted,0,1,0,8,0.9937155842781067,0.9130434782608695
adapted,0,1,0,9,0.7924779057502747,0.9130434782608695
adapted,0,1,0,10,0.6293514966964722,0.9130434782608695
adapted,0,1,0,11,0.5358409285545349,0.9130434782608695
adapted,0,1,0,12,0.48497360944747925,0.9130434782608695
adapted,0,1,0,13,0.4289359152317047,0.9130434782608695
adapted,0,1,0,14,0.39821574091911316,0.9130434782608695
adapted,0,1,0,15,0.3851175010204315,0.9130434782608695
adapted,0,1,0,16,0.3513394296169281,0.9130434782608695
adapted,0,1,0,17,0.3642531931400299,0.8913043478260869
adapted,0,1,0,18,0.36287280917167664,0.8913043478260869
adapted,0,1,0,19,0.33721980452537537,0.9130434782608695
adapted,0,1,0,20,0.3255925178527832,0.8913043478260869
adapted,0,1,1,1,2.8852057456970215,0.7230769230769231
adapted,0,1,1,2,2.3078887462615967,0.7846153846153846
adapted,0,1,1,3,1.960288643836975,0.7692307692307693
adapted,0,1,1,4,1.7249852418899536,0.7692307692307693
adapted,0,1,1,5,1.5027320384979248,0.7846153846153846
adapted,0,1,1,6,1.2756037712097168,0.7846153846153846
adapted,0,1,1,7,1.0958212614059448,0.7846153846153846
adapted,0,1,1,8,0.9547910094261169,0.7846153846153846
adapted,0,1,1,9,0.8071755766868591,0.8
adapted,0,1,1,10,0.6789194345474243,0.8
adapted,0,1,1,11,0.6234526038169861,0.8
adapted,0,1,1,12,0.5804353356361389,0.8
adapted,0,1,1,13,0.5228757858276367,0.7846153846153846
adapted,0,1,1,14,0.4890494644641876,0.7692307692307693
adapted,0,1,1,15,0.4595884084701538,0.7846153846153846
adapted,0,1,1,16,0.4199187457561493,0.8153846153846154
adapted,0,1,1,17,0.39572346210479736,0.8153846153846154
adapted,0,1,1,18,0.38034841418266296,0.8
adapted,0,1,1,19,0.36276519298553467,0.8
adapted,0,1,1,20,0.34723564982414246,0.8153846153846154
adapted,0,1,1,21,0.3307269513607025,0.8153846153846154
adapted,0,1,1,22,0.32816484570503235,0.8153846153846154
adapted,0,1,1,23,0.32612645626068115,0.8153846153846154
adapted,0,1,1,24,0.3036361634731293,0.8153846153846154
adapted,0,1,1,25,0.3005569279193878,0.8153846153846154
adapted,0,1,1,26,0.29608723521232605,0.8153846153846154
adapted,0,1,1,27,0.2866205871105194,0.8
adapted,0,1,1,28,0.2767389118671417,0.8
adapted,0,1,1,29,0.27221983671188354,0.8
adapted,0,1,1,30,0.26396748423576355,0.8
adapted,0,1,1,31,0.2570171654224396,0.8
adapted,0,1,2,1,3.0158095359802246,0.7708333333333334
adapted,0,1,2,2,2.486459970474243,0.8125
adapted,0,1,2,3,2.1474688053131104,0.8541666666666666
adapted,0,1,2,4,1.8631508350372314,0.8541666666666666
adapted,0,1,2,5,1.5964045524597168,0.8541666666666666
adapted,0,1,2,6,1.3630027770996094,0.875
adapted,0,1,2,7,1.161879062652588,0.8541666666666666
adapted,0,1,2,8,0.9525783658027649,0.8541666666666666
adapted,0,1,2,9,0.7684900164604187,0.8541666666666666
adapted,0,1,2,10,0.6359654068946838,0.875
adapted,0,1,2,11,0.5511223673820496,0.8541666666666666
adapted,0,1,2,12,0.48300665616989136,0.8541666666666666
adapted,0,1,2,13,0.45178553462028503,0.8541666666666666
adapted,0,1,2,14,0.42023879289627075,0.8541666666666666
adapted,0,1,2,15,0.39423227310180664,0.8541666666666666
adapted,0,1,2,16,0.37099170684814453,0.8541666666666666
adapted,0,1,2,17,0.35687264800071716,0.8541666666666666
adapted,0,1,2,18,0.3443331718444824,0.875
adapted,0,1,2,19,0.33483263850212097,0.8541666666666666
adapted,0,1,2,20,0.3275761604309082,0.8541666666666666
adapted,0,1,2,21,0.3077436089515686,0.8958333333333334
adapted,0,1,2,22,0.3014770746231079,0.9166666666666666
adapted,0,1,2,23,0.30041375756263733,0.8541666666666666
adapted,0,1,2,24,0.2953983545303345,0.875
adapted,0,1,2,25,0.28813478350639343,0.8541666666666666
adapted,0,1,2,26,0.2747654616832733,0.8541666666666666
adapted,0,1,2,27,0.2694932818412781,0.8333333333333334
adapted,0,1,2,28,0.2621513903141022,0.8541666666666666
adapted,0,1,2,29,0.2527335286140442,0.8125
adapted,0,1,2,30,0.25067853927612305,0.8333333333333334
adapted,0,1,2,31,0.24246540665626526,0.8333333333333334
adapted,0,1,2,32,0.23868755996227264,0.8333333333333334
adapted,0,1,2,33,0.23291492462158203,0.8333333333333334
adapted,0,1,2,34,0.2268477976322174,0.8333333333333334
adapted,0,1,2,35,0.2227373570203781,0.7916666666666666
adapted,0,1,2,36,0.21865004301071167,0.7916666666666666
adapted,0,1,2,37,0.21382683515548706,0.7916666666666666
frozen,0,2,0,1,2.8321781158447266,0.8870967741935484
frozen,0,2,0,2,2.3349320888519287,0.8870967741935484
frozen,0,2,0,3,2.0450541973114014,0.8709677419354839
frozen,0,2,0,4,1.814101219177246,0.8709677419354839
frozen,0,2,0,5,1.5930659770965576,0.8870967741935484
frozen,0,2,0,6,1.3742668628692627,0.8709677419354839
frozen,0,2,0,7,1.1648601293563843,0.8548387096774194
frozen,0,2,0,8,0.966310977935791,0.8548387096774194
frozen,0,2,0,9,0.7765371203422546,0.8548387096774194
frozen,0,2,0,10,0.6254986524581909,0.8548387096774194
frozen,0,2,0,11,0.5446866750717163,0.8548387096774194
frozen,0,2,0,12,0.49055948853492737,0.8548387096774194
frozen,0,2,0,13,0.44854527711868286,0.8548387096774194
frozen,0,2,0,14,0.4455576539039612,0.8709677419354839
frozen,0,2,0,15,0.4013062119483948,0.8548387096774194
frozen,0,2,0,16,0.371530681848526,0.8709677419354839
frozen,0,2,0,17,0.35048627853393555,0.8709677419354839
frozen,0,2,0,18,0.33232203125953674,0.8709677419354839
frozen,0,2,0,19,0.3289487361907959,0.8709677419354839
frozen,0,2,0,20,0.3082449734210968,0.8709677419354839
frozen,0,2,1,1,3.0902349948883057,0.8333333333333334
frozen,0,2,1,2,2.5920538902282715,0.8333333333333334
frozen,0,2,1,3,2.247292995452881,0.8333333333333334
frozen,0,2,1,4,1.9707766771316528,0.7666666666666667
frozen,0,2,1,5,1.7375991344451904,0.8
frozen,0,2,1,6,1.5239125490188599,0.7666666666666667
frozen,0,2,1,7,1.323204517364502,0.7666666666666667
frozen,0,2,1,8,1.147591233253479,0.7666666666666667
frozen,0,2,1,9,0.9782111644744873,0.7333333333333333
frozen,0,2,1,10,0.8304324746131897,0.7333333333333333
frozen,0,2,1,11,0.7193596363067627,0.8
frozen,0,2,1,12,0.6199928522109985,0.8
frozen,0,2,1,13,0.5308105945587158,0.8666666666666667
frozen,0,2,1,14,0.5309723019599915,0.8333333333333334
frozen,0,2,1,15,0.4787796139717102,0.8
frozen,0,2,1,16,0.5768601894378662,0.8333333333333334
frozen,0,2,1,17,0.4505487382411957,0.8333333333333334
frozen,0,2,1,18,0.46316996216773987,0.8333333333333334
frozen,0,2,1,19,0.37939736247062683,0.8
frozen,0,2,1,20,0.39624130725860596,0.8
frozen,0,2,1,21,0.3647597134113312,0.8333333333333334
frozen,0,2,1,22,0.35760900378227234,0.8
frozen,0,2,1,23,0.34059447050094604,0.8
frozen,0,2,1,24,0.32981231808662415,0.8333333333333334
frozen,0,2,1,25,0.3210385739803314,0.8333333333333334
frozen,0,2,1,26,0.3054123818874359,0.8
frozen,0,2,1,27,0.30064210295677185,0.8
frozen,0,2,1,28,0.29302895069122314,0.8333333333333334
frozen,0,2,2,1,2.8826310634613037,0.5079365079365079
frozen,0,2,2,2,2.342388391494751,0.6507936507936508
frozen,0,2,2,3,1.9877586364746094,0.6984126984126984
frozen,0,2,2,4,1.7412852048873901,0.6984126984126984
frozen,0,2,2,5,1.5763705968856812,0.7301587301587301
frozen,0,2,2,6,1.4417872428894043,0.7619047619047619
frozen,0,2,2,7,1.306520938873291,0.8095238095238095
frozen,0,2,2,8,1.163382649421692,0.8095238095238095
frozen,0,2,2,9,1.0142382383346558,0.8253968253968254
frozen,0,2,2,10,0.867428183555603,0.8253968253968254
frozen,0,2,2,11,0.7378737926483154,0.8412698412698413
frozen,0,2,2,12,0.622664749622345,0.873015873015873
frozen,0,2,2,13,0.517608106136322,0.873015873015873
frozen,0,2,2,14,0.4785119295120239,0.873015873015873
frozen,0,2,2,15,0.45130017399787903,0.873015873015873
frozen,0,2,2,16,0.4168038070201874,0.873015873015873
frozen,0,2,2,17,0.398264616727829,0.873015873015873
frozen,0,2,2,18,0.3721483051776886,0.873015873015873
frozen,0,2,2,19,0.3686138391494751,0.873015873015873
frozen,0,2,2,20,0.3408915400505066,0.873015873015873
frozen,0,2,2,21,0.3318960964679718,0.873015873015873
frozen,0,2,2,22,0.32997745275497437,0.873015873015873
frozen,0,2,2,23,0.31447485089302063,0.873015873015873
frozen,0,2,2,24,0.3006746470928192,0.873015873015873
frozen,0,2,2,25,0.2942553460597992,0.873015873015873
frozen,0,2,2,26,0.28877198696136475,0.873015873015873
frozen,0,2,2,27,0.28013095259666443,0.873015873015873
adapted,0,2,0,1,2.8321781158447266,0.8870967741935484
adapted,0,2,0,2,2.295520305633545,0.8709677419354839
adapted,0,2,0,3,1.9744901657104492,0.8548387096774194
adapted,0,2,0,4,1.699512243270874,0.8709677419354839
adapted,0,2,0,5,1.4333912134170532,0.8709677419354839
adapted,0,2,0,6,1.187605619430542,0.8709677419354839
adapted,0,2,0,7,0.9689459800720215,0.8548387096774194
adapted,0,2,0,8,0.773701548576355,0.8548387096774194
adapted,0,2,0,9,0.6312389373779297,0.8548387096774194
adapted,0,2,0,10,0.548988938331604,0.8548387096774194
adapted,0,2,0,11,0.48287439346313477,0.8548387096774194
adapted,0,2,0,12,0.44662556052207947,0.8387096774193549
adapted,0,2,0,13,0.4176332354545593,0.8548387096774194
adapted,0,2,0,14,0.3812587857246399,0.8387096774193549
adapted,0,2,0,15,0.3630547523498535,0.8387096774193549
adapted,0,2,0,16,0.34966540336608887,0.8387096774193549
adapted,0,2,0,17,0.3333349823951721,0.8387096774193549
adapted,0,2,0,18,0.3221907615661621,0.8387096774193549
adapted,0,2,0,19,0.30757206678390503,0.8387096774193549
adapted,0,2,0,20,0.3033815622329712,0.8225806451612904
adapted,0,2,1,1,3.0902349948883057,0.8333333333333334
adapted,0,2,1,2,2.5495431423187256,0.8333333333333334
adapted,0,2,1,3,2.173835039138794,0.8333333333333334
adapted,0,2,1,4,1.870934009552002,0.7666666666666667
adapted,0,2,1,5,1.6096107959747314,0.8
adapted,0,2,1,6,1.3720341920852661,0.7666666666666667
adapted,0,2,1,7,1.1654633283615112,0.7666666666666667
adapted,0,2,1,8,0.9859877228736877,0.7666666666666667
adapted,0,2,1,9,0.8225631713867188,0.7333333333333333
adapted,0,2,1,10,0.7057679295539856,0.8
adapted,0,2,1,11,0.6042963862419128,0.8
adapted,0,2,1,12,0.5254392027854919,0.8333333333333334
adapted,0,2,1,13,0.5069339871406555,0.8333333333333334
adapted,0,2,1,14,0.48497632145881653,0.8333333333333334
adapted,0,2,1,15,0.45056411623954773,0.8333333333333334
adapted,0,2,1,16,0.43687984347343445,0.8333333333333334
adapted,0,2,1,17,0.4133276641368866,0.8333333333333334
adapted,0,2,1,18,0.41924363374710083,0.8333333333333334
adapted,0,2,1,19,0.3915032148361206,0.8666666666666667
adapted,0,2,1,20,0.39661866426467896,0.8333333333333334
adapted,0,2,1,21,0.3784334063529968,0.7666666666666667
adapted,0,2,1,22,0.3427191972732544,0.7666666666666667
adapted,0,2,1,23,0.349077433347702,0.7666666666666667
adapted,0,2,1,24,0.3439716398715973,0.8
adapted,0,2,1,25,0.32509660720825195,0.8
adapted,0,2,1,26,0.3131765127182007,0.8
adapted,0,2,1,27,0.31011295318603516,0.8
adapted,0,2,1,28,0.3039425015449524,0.8
adapted,0,2,1,29,0.29113438725471497,0.8
adapted,0,2,1,30,0.2807086110115051,0.8
adapted,0,2,1,31,0.2765401005744934,0.8333333333333334
adapted,0,2,1,32,0.27058106660842896,0.8333333333333334
adapted,0,2,1,33,0.26319560408592224,0.8333333333333334
adapted,0,2,1,34,0.2556290030479431,0.8
adapted,0,2,2,1,2.8826310634613037,0.5714285714285714
adapted,0,2,2,2,2.2910780906677246,0.6666666666666666
adapted,0,2,2,3,1.9042484760284424,0.6825396825396826
adapted,0,2,2,4,1.6441102027893066,0.6984126984126984
adapted,0,2,2,5,1.4640425443649292,0.746031746031746
adapted,0,2,2,6,1.2982674837112427,0.8095238095238095
adapted,0,2,2,7,1.1301352977752686,0.8095238095238095
adapted,0,2,2,8,0.9650887846946716,0.8095238095238095
adapted,0,2,2,9,0.816121518611908,0.8253968253968254
adapted,0,2,2,10,0.6932750940322876,0.8412698412698413
adapted,0,2,2,11,0.5863000750541687,0.8412698412698413
adapted,0,2,2,12,0.4923216998577118,0.8571428571428571
adapted,0,2,2,13,0.4593791663646698,0.8412698412698413
adapted,0,2,2,14,0.4328122138977051,0.8412698412698413
adapted,0,2,2,15,0.3978840708732605,0.8412698412698413
adapted,0,2,2,16,0.37211915850639343,0.8571428571428571
adapted,0,2,2,17,0.3659310042858124,0.8571428571428571
adapted,0,2,2,18,0.3495583236217499,0.8412698412698413
adapted,0,2,2,19,0.33499377965927124,0.8412698412698413
adapted,0,2,2,20,0.3274746239185333,0.8412698412698413
adapted,0,2,2,21,0.3200055956840515,0.8412698412698413
adapted,0,2,2,22,0.3142572343349457,0.8412698412698413
adapted,0,2,2,23,0.3029932975769043,0.8253968253968254
adapted,0,2,2,24,0.29834049940109253,0.8253968253968254
adapted,0,2,2,25,0.28507721424102783,0.8253968253968254
adapted,0,2,2,26,0.2845080494880676,0.8253968253968254
adapted,0,2,2,27,0.27385076880455017,0.8253968253968254
frozen,0,3,0,1,2.881763219833374,0.7916666666666666
frozen,0,3,0,2,2.3315815925598145,0.7916666666666666
frozen,0,3,0,3,1.9636681079864502,0.7291666666666666
frozen,0,3,0,4,1.7117500305175781,0.7083333333333334
frozen,0,3,0,5,1.5019474029541016,0.7083333333333334
frozen,0,3,0,6,1.3167213201522827,0.7083333333333334
frozen,0,3,0,7,1.146422028541565,0.7291666666666666
frozen,0,3,0,8,0.966722309589386,0.7291666666666666
frozen,0,3,0,9,0.7832830548286438,0.7291666666666666
frozen,0,3,0,10,0.6508452296257019,0.7291666666666666
frozen,0,3,0,11,0.5549322366714478,0.7083333333333334
frozen,0,3,0,12,0.4819793105125427,0.7083333333333334
frozen,0,3,0,13,0.4611256718635559,0.6875
frozen,0,3,0,14,0.3973773121833801,0.6875
frozen,0,3,0,15,0.3926592767238617,0.6875
frozen,0,3,0,16,0.36684340238571167,0.6875
frozen,0,3,0,17,0.34995466470718384,0.6875
frozen,0,3,0,18,0.3347938060760498,0.6875
frozen,0,3,0,19,0.3467889726161957,0.7083333333333334
frozen,0,3,0,20,0.31256118416786194,0.7083333333333334
frozen,0,3,1,1,2.962725877761841,0.8936170212765957
frozen,0,3,1,2,2.4917829036712646,0.851063829787234
frozen,0,3,1,3,2.2029497623443604,0.851063829787234
frozen,0,3,1,4,1.9990137815475464,0.851063829787234
frozen,0,3,1,5,1.8246936798095703,0.9148936170212766
frozen,0,3,1,6,1.6561341285705566,0.9361702127659575
frozen,0,3,1,7,1.4916785955429077,0.9148936170212766
frozen,0,3,1,8,1.33013916015625,0.9361702127659575
frozen,0,3,1,9,1.1647285223007202,0.9148936170212766
frozen,0,3,1,10,1.004428505897522,0.9148936170212766
frozen,0,3,1,11,0.857003390789032,0.9361702127659575
frozen,0,3,1,12,0.729485273361206,0.9361702127659575
frozen,0,3,1,13,0.6304740905761719,0.9361702127659575
frozen,0,3,1,14,0.5641013979911804,0.9361702127659575
frozen,0,3,1,15,0.5110982060432434,0.9361702127659575
frozen,0,3,1,16,0.4884074926376343,0.8936170212765957
frozen,0,3,1,17,0.4724987745285034,0.9148936170212766
frozen,0,3,1,18,0.43839091062545776,0.851063829787234
frozen,0,3,1,19,0.42192700505256653,0.851063829787234
frozen,0,3,1,20,0.4059089422225952,0.8723404255319149
frozen,0,3,1,21,0.3786894977092743,0.851063829787234
frozen,0,3,2,1,2.772747278213501,0.8367346938775511
frozen,0,3,2,2,2.2801358699798584,0.8163265306122449
frozen,0,3,2,3,1.9737999439239502,0.7959183673469388
frozen,0,3,2,4,1.7358596324920654,0.8163265306122449
frozen,0,3,2,5,1.521863579750061,0.8571428571428571
frozen,0,3,2,6,1.3301565647125244,0.8775510204081632
frozen,0,3,2,7,1.1650713682174683,0.8775510204081632
frozen,0,3,2,8,1.0118649005889893,0.8571428571428571
frozen,0,3,2,9,0.8487390279769897,0.8571428571428571
frozen,0,3,2,10,0.7154360413551331,0.8367346938775511
frozen,0,3,2,11,0.6090236306190491,0.8775510204081632
frozen,0,3,2,12,0.5200489163398743,0.8775510204081632
frozen,0,3,2,13,0.47381898760795593,0.8775510204081632
frozen,0,3,2,14,0.4244402050971985,0.8775510204081632
frozen,0,3,2,15,0.39613863825798035,0.8979591836734694
frozen,0,3,2,16,0.3785439431667328,0.8775510204081632
frozen,0,3,2,17,0.3463989794254303,0.8775510204081632
frozen,0,3,2,18,0.3416770100593567,0.8775510204081632
frozen,0,3,2,19,0.3155829608440399,0.8979591836734694
frozen,0,3,2,20,0.3146340548992157,0.8979591836734694
frozen,0,3,2,21,0.29722702503204346,0.8775510204081632
frozen,0,3,2,22,0.2868231534957886,0.8979591836734694
frozen,0,3,2,23,0.28244277834892273,0.8979591836734694
frozen,0,3,2,24,0.2673191428184509,0.8775510204081632
frozen,0,3,2,25,0.26551488041877747,0.8775510204081632
frozen,0,3,2,26,0.2559795677661896,0.8979591836734694
frozen,0,3,2,27,0.24861426651477814,0.8571428571428571
frozen,0,3,2,28,0.24358053505420685,0.8571428571428571
frozen,0,3,2,29,0.24047283828258514,0.8571428571428571
frozen,0,3,2,30,0.23150868713855743,0.8979591836734694
adapted,0,3,0,1,2.881763219833374,0.7916666666666666
adapted,0,3,0,2,2.2729220390319824,0.7916666666666666
adapted,0,3,0,3,1.879600167274475,0.7291666666666666
adapted,0,3,0,4,1.600160002708435,0.7083333333333334
adapted,0,3,0,5,1.3638168573379517,0.7083333333333334
adapted,0,3,0,6,1.1632263660430908,0.7291666666666666
adapted,0,3,0,7,0.9673632383346558,0.7291666666666666
adapted,0,3,0,8,0.778300404548645,0.7291666666666666
adapted,0,3,0,9,0.641907274723053,0.7083333333333334
adapted,0,3,0,10,0.5446579456329346,0.7083333333333334
adapted,0,3,0,11,0.47989311814308167,0.7083333333333334
adapted,0,3,0,12,0.4467242658138275,0.7083333333333334
adapted,0,3,0,13,0.40345215797424316,0.7083333333333334
adapted,0,3,0,14,0.4182988107204437,0.7083333333333334
adapted,0,3,0,15,0.39748716354370117,0.7083333333333334
adapted,0,3,0,16,0.3712814450263977,0.7083333333333334
adapted,0,3,0,17,0.3615992069244385,0.6875
adapted,0,3,0,18,0.3478688895702362,0.7083333333333334
adapted,0,3,0,19,0.3330962359905243,0.7083333333333334
adapted,0,3,0,20,0.31426578760147095,0.7083333333333334
adapted,0,3,1,1,2.962725877761841,0.8936170212765957
adapted,0,3,1,2,2.450404405593872,0.851063829787234
adapted,0,3,1,3,2.136680841445923,0.851063829787234
adapted,0,3,1,4,1.9016120433807373,0.9148936170212766
adapted,0,3,1,5,1.6856513023376465,0.8936170212765957
adapted,0,3,1,6,1.4798327684402466,0.9148936170212766
adapted,0,3,1,7,1.294671654701233,0.9148936170212766
adapted,0,3,1,8,1.1238203048706055,0.9148936170212766
adapted,0,3,1,9,0.9694791436195374,0.9148936170212766
adapted,0,3,1,10,0.8189041614532471,0.9148936170212766
adapted,0,3,1,11,0.6882773041725159,0.9574468085106383
adapted,0,3,1,12,0.6109494566917419,0.9361702127659575
adapted,0,3,1,13,0.5459519624710083,0.9361702127659575
adapted,0,3,1,14,0.5021942257881165,0.9361702127659575
adapted,0,3,1,15,0.4707505404949188,0.9361702127659575
adapted,0,3,1,16,0.43226197361946106,0.9148936170212766
adapted,0,3,1,17,0.42745304107666016,0.9148936170212766
adapted,0,3,1,18,0.40572890639305115,0.9148936170212766
adapted,0,3,1,19,0.3950440585613251,0.8936170212765957
adapted,0,3,1,20,0.3917340040206909,0.8936170212765957
adapted,0,3,1,21,0.3727843463420868,0.8723404255319149
adapted,0,3,1,22,0.35621270537376404,0.8723404255319149
adapted,0,3,1,23,0.3487399220466614,0.9148936170212766
adapted,0,3,1,24,0.34264451265335083,0.8936170212765957
adapted,0,3,1,25,0.33403250575065613,0.9148936170212766
adapted,0,3,1,26,0.33069324493408203,0.8936170212765957
adapted,0,3,2,1,2.772747278213501,0.8367346938775511
adapted,0,3,2,2,2.2367799282073975,0.7959183673469388
adapted,0,3,2,3,1.9006094932556152,0.7959183673469388
adapted,0,3,2,4,1.6270332336425781,0.8571428571428571
adapted,0,3,2,5,1.3813776969909668,0.8571428571428571
adapted,0,3,2,6,1.1788841485977173,0.8775510204081632
adapted,0,3,2,7,1.008522391319275,0.8571428571428571
adapted,0,3,2,8,0.8341794610023499,0.8367346938775511
adapted,0,3,2,9,0.6987066864967346,0.8367346938775511
adapted,0,3,2,10,0.5897066593170166,0.8367346938775511
adapted,0,3,2,11,0.505211591720581,0.8571428571428571
adapted,0,3,2,12,0.4548152685165405,0.8367346938775511
adapted,0,3,2,13,0.41777750849723816,0.8571428571428571
adapted,0,3,2,14,0.39039096236228943,0.8571428571428571
adapted,0,3,2,15,0.35890063643455505,0.8571428571428571
adapted,0,3,2,16,0.34520477056503296,0.8571428571428571
adapted,0,3,2,17,0.3357447385787964,0.8571428571428571
adapted,0,3,2,18,0.31364864110946655,0.8571428571428571
adapted,0,3,2,19,0.31395551562309265,0.8571428571428571
adapted,0,3,2,20,0.3006136417388916,0.8571428571428571
adapted,0,3,2,21,0.28699687123298645,0.8571428571428571
frozen,0,4,0,1,3.0122952461242676,0.8
frozen,0,4,0,2,2.4149181842803955,0.8545454545454545
frozen,0,4,0,3,2.0707006454467773,0.8181818181818182
frozen,0,4,0,4,1.8038971424102783,0.8181818181818182
frozen,0,4,0,5,1.5840736627578735,0.8181818181818182
frozen,0,4,0,6,1.3999269008636475,0.8181818181818182
frozen,0,4,0,7,1.221147894859314,0.8181818181818182
frozen,0,4,0,8,1.0367399454116821,0.8181818181818182
frozen,0,4,0,9,0.869723916053772,0.8181818181818182
frozen,0,4,0,10,0.7324469685554504,0.8181818181818182
frozen,0,4,0,11,0.6164854764938354,0.8181818181818182
frozen,0,4,0,12,0.5293912887573242,0.8363636363636363
frozen,0,4,0,13,0.46516045928001404,0.8545454545454545
frozen,0,4,0,14,0.43441352248191833,0.8363636363636363
frozen,0,4,0,15,0.4785895347595215,0.8363636363636363
frozen,0,4,0,16,0.41710177063941956,0.8363636363636363
frozen,0,4,0,17,0.39083224534988403,0.8363636363636363
frozen,0,4,0,18,0.372681200504303,0.8363636363636363
frozen,0,4,0,19,0.3468078672885895,0.8363636363636363
frozen,0,4,0,20,0.3354983925819397,0.8363636363636363
frozen,0,4,1,1,3.1258537769317627,0.5952380952380952
frozen,0,4,1,2,2.571598768234253,0.5952380952380952
frozen,0,4,1,3,2.2899062633514404,0.6428571428571429
frozen,0,4,1,4,2.097431182861328,0.6904761904761905
frozen,0,4,1,5,1.9244446754455566,0.6904761904761905
frozen,0,4,1,6,1.745710015296936,0.7142857142857143
frozen,0,4,1,7,1.5629600286483765,0.6904761904761905
frozen,0,4,1,8,1.3880244493484497,0.7142857142857143
frozen,0,4,1,9,1.2219980955123901,0.7380952380952381
frozen,0,4,1,10,1.06072998046875,0.7619047619047619
frozen,0,4,1,11,0.9052444696426392,0.7380952380952381
frozen,0,4,1,12,0.7663284540176392,0.7619047619047619
frozen,0,4,1,13,0.6461057066917419,0.7619047619047619
frozen,0,4,1,14,0.5797016620635986,0.7380952380952381
frozen,0,4,1,15,0.5169641375541687,0.7380952380952381
frozen,0,4,1,16,0.49448153376579285,0.7142857142857143
frozen,0,4,1,17,0.4384741485118866,0.7380952380952381
frozen,0,4,1,18,0.47169816493988037,0.7142857142857143
frozen,0,4,1,19,0.578557550907135,0.7380952380952381
frozen,0,4,1,20,0.43538427352905273,0.7142857142857143
frozen,0,4,1,21,0.5369449853897095,0.7142857142857143
frozen,0,4,1,22,0.4887906312942505,0.7619047619047619
frozen,0,4,1,23,0.3742683529853821,0.7380952380952381
frozen,0,4,1,24,0.42546185851097107,0.7619047619047619
frozen,0,4,1,25,0.3671027421951294,0.7380952380952381
frozen,0,4,2,1,2.8043510913848877,0.7931034482758621
frozen,0,4,2,2,2.382798194885254,0.8793103448275862
frozen,0,4,2,3,2.0965778827667236,0.8793103448275862
frozen,0,4,2,4,1.8241665363311768,0.896551724137931
frozen,0,4,2,5,1.6130707263946533,0.8793103448275862
frozen,0,4,2,6,1.4553444385528564,0.8793103448275862
frozen,0,4,2,7,1.2907370328903198,0.896551724137931
frozen,0,4,2,8,1.126764178276062,0.896551724137931
frozen,0,4,2,9,0.9729929566383362,0.9137931034482759
frozen,0,4,2,10,0.809948742389679,0.8793103448275862
frozen,0,4,2,11,0.669257640838623,0.8620689655172413
frozen,0,4,2,12,0.5934042930603027,0.8620689655172413
frozen,0,4,2,13,0.5131112933158875,0.8448275862068966
frozen,0,4,2,14,0.48940905928611755,0.8275862068965517
frozen,0,4,2,15,0.4346569776535034,0.8620689655172413
frozen,0,4,2,16,0.4419293701648712,0.8793103448275862
frozen,0,4,2,17,0.4518177807331085,0.8620689655172413
frozen,0,4,2,18,0.4347631335258484,0.8620689655172413
frozen,0,4,2,19,0.38425692915916443,0.8620689655172413
frozen,0,4,2,20,0.40667545795440674,0.8620689655172413
frozen,0,4,2,21,0.3487109839916229,0.8275862068965517
frozen,0,4,2,22,0.34615427255630493,0.8275862068965517
frozen,0,4,2,23,0.326888769865036,0.8275862068965517
frozen,0,4,2,24,0.3227710723876953,0.8448275862068966
adapted,0,4,0,1,3.0122952461242676,0.8181818181818182
adapted,0,4,0,2,2.3730392456054688,0.8363636363636363
adapted,0,4,0,3,1.9964783191680908,0.8181818181818182
adapted,0,4,0,4,1.689678430557251,0.8181818181818182
adapted,0,4,0,5,1.4425015449523926,0.8181818181818182
adapted,0,4,0,6,1.226665735244751,0.8181818181818182
adapted,0,4,0,7,1.0201992988586426,0.8181818181818182
adapted,0,4,0,8,0.8402830362319946,0.8181818181818182
adapted,0,4,0,9,0.693229079246521,0.8181818181818182
adapted,0,4,0,10,0.574046790599823,0.8181818181818182
adapted,0,4,0,11,0.4915085732936859,0.8181818181818182
adapted,0,4,0,12,0.44469839334487915,0.8181818181818182
adapted,0,4,0,13,0.41450247168540955,0.8181818181818182
adapted,0,4,0,14,0.4065411686897278,0.8181818181818182
adapted,0,4,0,15,0.370850145816803,0.8181818181818182
adapted,0,4,0,16,0.3605329394340515,0.8181818181818182
adapted,0,4,0,17,0.35058632493019104,0.8181818181818182
adapted,0,4,0,18,0.31962305307388306,0.8181818181818182
adapted,0,4,0,19,0.31969931721687317,0.8181818181818182
adapted,0,4,0,20,0.31069162487983704,0.8363636363636363
adapted,0,4,1,1,3.1258537769317627,0.6190476190476191
adapted,0,4,1,2,2.5313475131988525,0.5952380952380952
adapted,0,4,1,3,2.2273545265197754,0.6666666666666666
adapted,0,4,1,4,1.9983757734298706,0.6904761904761905
adapted,0,4,1,5,1.7699790000915527,0.7142857142857143
adapted,0,4,1,6,1.5385055541992188,0.7142857142857143
adapted,0,4,1,7,1.3294752836227417,0.7380952380952381
adapted,0,4,1,8,1.1453617811203003,0.7857142857142857
adapted,0,4,1,9,0.9751886129379272,0.7619047619047619
adapted,0,4,1,10,0.8154316544532776,0.7857142857142857
adapted,0,4,1,11,0.6786430478096008,0.7857142857142857
adapted,0,4,1,12,0.587737500667572,0.7380952380952381
adapted,0,4,1,13,0.5189931988716125,0.7380952380952381
adapted,0,4,1,14,0.4714072346687317,0.7380952380952381
adapted,0,4,1,15,0.47187507152557373,0.7380952380952381
adapted,0,4,1,16,0.44365909695625305,0.7380952380952381
adapted,0,4,1,17,0.4245409071445465,0.7380952380952381
adapted,0,4,1,18,0.4154384434223175,0.7380952380952381
adapted,0,4,1,19,0.39614981412887573,0.7380952380952381
adapted,0,4,1,20,0.38161131739616394,0.7142857142857143
adapted,0,4,1,21,0.36538445949554443,0.7142857142857143
adapted,0,4,1,22,0.382737934589386,0.7380952380952381
adapted,0,4,1,23,0.3714406192302704,0.7142857142857143
adapted,0,4,2,1,2.8043510913848877,0.7931034482758621
adapted,0,4,2,2,2.34071946144104,0.8793103448275862
adapted,0,4,2,3,2.000552177429199,0.8793103448275862
adapted,0,4,2,4,1.6930649280548096,0.8620689655172413
adapted,0,4,2,5,1.478627324104309,0.8620689655172413
adapted,0,4,2,6,1.2865241765975952,0.8793103448275862
adapted,0,4,2,7,1.0984821319580078,0.9137931034482759
adapted,0,4,2,8,0.9359108209609985,0.9137931034482759
adapted,0,4,2,9,0.7742935419082642,0.8448275862068966
adapted,0,4,2,10,0.6420412659645081,0.8448275862068966
adapted,0,4,2,11,0.5703514814376831,0.8620689655172413
adapted,0,4,2,12,0.5082135796546936,0.8448275862068966
adapted,0,4,2,13,0.4709120988845825,0.8448275862068966
adapted,0,4,2,14,0.42639681696891785,0.8448275862068966
adapted,0,4,2,15,0.4311356246471405,0.8620689655172413
adapted,0,4,2,16,0.4012586772441864,0.8620689655172413
adapted,0,4,2,17,0.38669776916503906,0.8448275862068966
adapted,0,4,2,18,0.3706852197647095,0.8448275862068966
adapted,0,4,2,19,0.35050880908966064,0.8448275862068966
adapted,0,4,2,20,0.33820781111717224,0.8275862068965517
adapted,0,4,2,21,0.32461753487586975,0.8620689655172413
adapted,0,4,2,22,0.3202204406261444,0.8620689655172413
frozen,1,0,0,1,2.966094732284546,0.673469387755102
frozen,1,0,0,2,2.4482131004333496,0.7142857142857143
frozen,1,0,0,3,2.062945604324341,0.7142857142857143
frozen,1,0,0,4,1.756887435913086,0.7142857142857143
frozen,1,0,0,5,1.507505178451538,0.7142857142857143
frozen,1,0,0,6,1.2914432287216187,0.7346938775510204
frozen,1,0,0,7,1.0908443927764893,0.7346938775510204
frozen,1,0,0,8,0.8971437215805054,0.7346938775510204
frozen,1,0,0,9,0.7200058102607727,0.7346938775510204
frozen,1,0,0,10,0.5976476073265076,0.7346938775510204
frozen,1,0,0,11,0.5257841348648071,0.7551020408163265
frozen,1,0,0,12,0.47653961181640625,0.7346938775510204
frozen,1,0,0,13,0.4662248194217682,0.7551020408163265
frozen,1,0,0,14,0.44331058859825134,0.7346938775510204
frozen,1,0,0,15,0.3849777281284332,0.7551020408163265
frozen,1,0,0,16,0.3737209141254425,0.7551020408163265
frozen,1,0,0,17,0.36220622062683105,0.7551020408163265
frozen,1,0,0,18,0.3455818295478821,0.7551020408163265
frozen,1,0,0,19,0.32411473989486694,0.7551020408163265
frozen,1,0,0,20,0.29612311720848083,0.7755102040816326
frozen,1,0,0,21,0.2895134389400482,0.7551020408163265
frozen,1,0,0,22,0.2862395942211151,0.7551020408163265
frozen,1,0,0,23,0.2743469774723053,0.7551020408163265
frozen,1,0,0,24,0.26539212465286255,0.7551020408163265
frozen,1,0,0,25,0.25264397263526917,0.7755102040816326
frozen,1,0,0,26,0.2484561949968338,0.7755102040816326
frozen,1,0,0,27,0.2411988079547882,0.7755102040816326
frozen,1,0,0,28,0.23111124336719513,0.7755102040816326
frozen,1,0,0,29,0.22762461006641388,0.7755102040816326
frozen,1,0,0,30,0.22178120911121368,0.7755102040816326
frozen,1,0,0,31,0.21398337185382843,0.7755102040816326
frozen,1,0,0,32,0.21049833297729492,0.7755102040816326
frozen,1,0,0,33,0.20675258338451385,0.7551020408163265
frozen,1,0,0,34,0.19978678226470947,0.7551020408163265
frozen,1,0,0,35,0.19518634676933289,0.7551020408163265
frozen,1,0,1,1,2.9835100173950195,0.6808510638297872
frozen,1,0,1,2,2.4492084980010986,0.723404255319149
frozen,1,0,1,3,2.118906021118164,0.723404255319149
frozen,1,0,1,4,1.8794429302215576,0.7446808510638298
frozen,1,0,1,5,1.6732608079910278,0.7659574468085106
frozen,1,0,1,6,1.4686768054962158,0.8297872340425532
frozen,1,0,1,7,1.2666192054748535,0.851063829787234
frozen,1,0,1,8,1.0790573358535767,0.8723404255319149
frozen,1,0,1,9,0.9171106815338135,0.8723404255319149
frozen,1,0,1,10,0.7730483412742615,0.8936170212765957
frozen,1,0,1,11,0.6390785574913025,0.8936170212765957
frozen,1,0,1,12,0.5436347723007202,0.8936170212765957
frozen,1,0,1,13,0.49334728717803955,0.8936170212765957
frozen,1,0,1,14,0.4691409170627594,0.8936170212765957
frozen,1,0,1,15,0.41092678904533386,0.8723404255319149
frozen,1,0,1,16,0.3945270776748657,0.8936170212765957
frozen,1,0,1,17,0.3815564811229706,0.8936170212765957
frozen,1,0,1,18,0.37137100100517273,0.8936170212765957
frozen,1,0,1,19,0.3768080472946167,0.8936170212765957
frozen,1,0,1,20,0.3391558825969696,0.9148936170212766
frozen,1,0,1,21,0.32842743396759033,0.8936170212765957
frozen,1,0,1,22,0.32958775758743286,0.8936170212765957
frozen,1,0,1,23,0.299742192029953,0.8936170212765957
frozen,1,0,1,24,0.30046093463897705,0.9148936170212766
frozen,1,0,1,25,0.2891046702861786,0.8723404255319149
frozen,1,0,1,26,0.2839394211769104,0.8723404255319149
frozen,1,0,1,27,0.2737393081188202,0.8936170212765957
frozen,1,0,1,28,0.2584451138973236,0.8936170212765957
frozen,1,0,1,29,0.2532845437526703,0.8723404255319149
frozen,1,0,1,30,0.24688301980495453,0.8723404255319149
frozen,1,0,1,31,0.23973196744918823,0.8723404255319149
frozen,1,0,1,32,0.23612447082996368,0.8723404255319149
frozen,1,0,1,33,0.23002958297729492,0.8723404255319149
frozen,1,0,1,34,0.22370971739292145,0.8723404255319149
frozen,1,0,1,35,0.2200912982225418,0.8723404255319149
frozen,1,0,2,1,2.9020049571990967,0.7358490566037735
frozen,1,0,2,2,2.3863675594329834,0.7924528301886793
frozen,1,0,2,3,2.0851330757141113,0.8113207547169812
frozen,1,0,2,4,1.8521062135696411,0.8113207547169812
frozen,1,0,2,5,1.6342657804489136,0.8301886792452831
frozen,1,0,2,6,1.4277796745300293,0.8679245283018868
frozen,1,0,2,7,1.234290599822998,0.8679245283018868
frozen,1,0,2,8,1.0367209911346436,0.8490566037735849
frozen,1,0,2,9,0.8452123403549194,0.8679245283018868
frozen,1,0,2,10,0.7023726105690002,0.8867924528301887
frozen,1,0,2,11,0.6218090057373047,0.8679245283018868
frozen,1,0,2,12,0.5500877499580383,0.8679245283018868
frozen,1,0,2,13,0.5215427875518799,0.8679245283018868
frozen,1,0,2,14,0.5099008679389954,0.8679245283018868
frozen,1,0,2,15,0.46161696314811707,0.8679245283018868
frozen,1,0,2,16,0.42947664856910706,0.8679245283018868
frozen,1,0,2,17,0.41241636872291565,0.8679245283018868
frozen,1,0,2,18,0.3996678292751312,0.8679245283018868
frozen,1,0,2,19,0.3815731108188629,0.8867924528301887
frozen,1,0,2,20,0.36321234703063965,0.8867924528301887
frozen,1,0,2,21,0.34584012627601624,0.8867924528301887
frozen,1,0,2,22,0.3403945863246918,0.8867924528301887
frozen,1,0,2,23,0.3309464156627655,0.8867924528301887
frozen,1,0,2,24,0.31986430287361145,0.8867924528301887
frozen,1,0,2,25,0.30559074878692627,0.8867924528301887
adapted,1,0,0,1,2.966094732284546,0.7142857142857143
adapted,1,0,0,2,2.3927273750305176,0.7346938775510204
adapted,1,0,0,3,1.9693626165390015,0.7142857142857143
adapted,1,0,0,4,1.636569619178772,0.7142857142857143
adapted,1,0,0,5,1.3606077432632446,0.7142857142857143
adapted,1,0,0,6,1.1222082376480103,0.7346938775510204
adapted,1,0,0,7,0.9132938385009766,0.7346938775510204
adapted,1,0,0,8,0.7369935512542725,0.7346938775510204
adapted,1,0,0,9,0.6086494326591492,0.7346938775510204
adapted,1,0,0,10,0.5276828408241272,0.7142857142857143
adapted,1,0,0,11,0.4762605130672455,0.7346938775510204
adapted,1,0,0,12,0.4326855540275574,0.7346938775510204
adapted,1,0,0,13,0.3905404508113861,0.7346938775510204
adapted,1,0,0,14,0.3646615147590637,0.7346938775510204
adapted,1,0,0,15,0.35206007957458496,0.7346938775510204
adapted,1,0,0,16,0.3373626172542572,0.7346938775510204
adapted,1,0,0,17,0.32510408759117126,0.7346938775510204
adapted,1,0,0,18,0.31079602241516113,0.7346938775510204
adapted,1,0,0,19,0.30007919669151306,0.7346938775510204
adapted,1,0,0,20,0.28436708450317383,0.7551020408163265
adapted,1,0,0,21,0.280254065990448,0.7551020408163265
adapted,1,0,0,22,0.27643996477127075,0.7551020408163265
adapted,1,0,0,23,0.2661275565624237,0.7551020408163265
adapted,1,0,0,24,0.2485964298248291,0.7551020408163265
adapted,1,0,0,25,0.2435319870710373,0.7551020408163265
adapted,1,0,0,26,0.23815348744392395,0.7551020408163265
adapted,1,0,0,27,0.22967717051506042,0.7551020408163265
adapted,1,0,0,28,0.22718267142772675,0.7551020408163265
adapted,1,0,0,29,0.22211560606956482,0.7551020408163265
adapted,1,0,0,30,0.21608658134937286,0.7551020408163265
adapted,1,0,0,31,0.21045632660388947,0.7551020408163265
adapted,1,0,0,32,0.20460441708564758,0.7551020408163265
adapted,1,0,0,33,0.20048698782920837,0.7551020408163265
adapted,1,0,0,34,0.1941167116165161,0.7551020408163265
adapted,1,0,0,35,0.19136424362659454,0.7551020408163265
adapted,1,0,1,1,2.9835100173950195,0.6808510638297872
adapted,1,0,1,2,2.401834011077881,0.723404255319149
adapted,1,0,1,3,2.0424444675445557,0.7446808510638298
adapted,1,0,1,4,1.7659499645233154,0.7446808510638298
adapted,1,0,1,5,1.512120008468628,0.7872340425531915
adapted,1,0,1,6,1.2690037488937378,0.8297872340425532
adapted,1,0,1,7,1.055721402168274,0.851063829787234
adapted,1,0,1,8,0.8887773156166077,0.8723404255319149
adapted,1,0,1,9,0.7473461627960205,0.8723404255319149
adapted,1,0,1,10,0.6210229396820068,0.8723404255319149
adapted,1,0,1,11,0.5302703380584717,0.8723404255319149
adapted,1,0,1,12,0.49531251192092896,0.8723404255319149
adapted,1,0,1,13,0.45215919613838196,0.851063829787234
adapted,1,0,1,14,0.4048123359680176,0.851063829787234
adapted,1,0,1,15,0.3995699882507324,0.8723404255319149
adapted,1,0,1,16,0.3891802132129669,0.8723404255319149
adapted,1,0,1,17,0.3802501857280731,0.8723404255319149
adapted,1,0,1,18,0.35644954442977905,0.851063829787234
adapted,1,0,1,19,0.3493309020996094,0.8297872340425532
adapted,1,0,1,20,0.33734920620918274,0.8297872340425532
adapted,1,0,1,21,0.33812621235847473,0.851063829787234
adapted,1,0,1,22,0.3237890899181366,0.8723404255319149
adapted,1,0,1,23,0.32179033756256104,0.8936170212765957
adapted,1,0,1,24,0.32383930683135986,0.8723404255319149
adapted,1,0,1,25,0.3052479922771454,0.8723404255319149
adapted,1,0,1,26,0.2914331257343292,0.8723404255319149
adapted,1,0,1,27,0.2912147343158722,0.8723404255319149
adapted,1,0,1,28,0.2786191701889038,0.8723404255319149
adapted,1,0,1,29,0.2703036367893219,0.8723404255319149
adapted,1,0,1,30,0.2665688991546631,0.8723404255319149
adapted,1,0,1,31,0.2561594247817993,0.8723404255319149
adapted,1,0,1,32,0.2531048059463501,0.851063829787234
adapted,1,0,1,33,0.24261584877967834,0.851063829787234
adapted,1,0,1,34,0.2324189692735672,0.8297872340425532
adapted,1,0,1,35,0.23059004545211792,0.8297872340425532
adapted,1,0,1,36,0.2277410477399826,0.8297872340425532
adapted,1,0,1,37,0.21798866987228394,0.8297872340425532
adapted,1,0,1,38,0.21156595647335052,0.8297872340425532
adapted,1,0,2,1,2.9020049571990967,0.7547169811320755
adapted,1,0,2,2,2.3426454067230225,0.7924528301886793
adapted,1,0,2,3,2.009901285171509,0.8113207547169812
adapted,1,0,2,4,1.7352246046066284,0.8301886792452831
adapted,1,0,2,5,1.4801490306854248,0.8679245283018868
adapted,1,0,2,6,1.2560558319091797,0.8679245283018868
adapted,1,0,2,7,1.0494320392608643,0.8867924528301887
adapted,1,0,2,8,0.8553874492645264,0.8867924528301887
adapted,1,0,2,9,0.705697774887085,0.8867924528301887
adapted,1,0,2,10,0.6105821132659912,0.8867924528301887
adapted,1,0,2,11,0.5427289009094238,0.8867924528301887
adapted,1,0,2,12,0.5174300670623779,0.8867924528301887
adapted,1,0,2,13,0.4854850769042969,0.8867924528301887
adapted,1,0,2,14,0.44508951902389526,0.8867924528301887
adapted,1,0,2,15,0.4721870422363281,0.8867924528301887
adapted,1,0,2,16,0.44713661074638367,0.8867924528301887
adapted,1,0,2,17,0.4234439730644226,0.8867924528301887
adapted,1,0,2,18,0.4013846516609192,0.8867924528301887
adapted,1,0,2,19,0.37993887066841125,0.8867924528301887
adapted,1,0,2,20,0.37178143858909607,0.8867924528301887
adapted,1,0,2,21,0.35890093445777893,0.8867924528301887
adapted,1,0,2,22,0.34407156705856323,0.8867924528301887
frozen,1,1,0,1,3.093717098236084,0.6440677966101694
frozen,1,1,0,2,2.462066411972046,0.6779661016949152
frozen,1,1,0,3,2.14033842086792,0.6779661016949152
frozen,1,1,0,4,1.9268230199813843,0.7288135593220338
frozen,1,1,0,5,1.769911527633667,0.7288135593220338
frozen,1,1,0,6,1.6360704898834229,0.7288135593220338
frozen,1,1,0,7,1.4970518350601196,0.7627118644067796
frozen,1,1,0,8,1.3323805332183838,0.7966101694915254
frozen,1,1,0,9,1.1395595073699951,0.7966101694915254
frozen,1,1,0,10,0.9368146657943726,0.8135593220338984
frozen,1,1,0,11,0.7434924840927124,0.8305084745762712
frozen,1,1,0,12,0.5815447568893433,0.8305084745762712
frozen,1,1,0,13,0.5133179426193237,0.8305084745762712
frozen,1,1,0,14,0.46261996030807495,0.8135593220338984
frozen,1,1,0,15,0.3917386829853058,0.8135593220338984
frozen,1,1,0,16,0.4054630398750305,0.8135593220338984
frozen,1,1,0,17,0.4711739122867584,0.8135593220338984
frozen,1,1,0,18,0.36174899339675903,0.8135593220338984
frozen,1,1,0,19,0.42343854904174805,0.8135593220338984
frozen,1,1,0,20,0.34341317415237427,0.8135593220338984
frozen,1,1,0,21,0.3408666253089905,0.8135593220338984
frozen,1,1,0,22,0.3465891480445862,0.8135593220338984
frozen,1,1,0,23,0.29679012298583984,0.7966101694915254
frozen,1,1,0,24,0.2893657088279724,0.7796610169491526
frozen,1,1,0,25,0.2927832007408142,0.7796610169491526
frozen,1,1,0,26,0.26949071884155273,0.8135593220338984
frozen,1,1,1,1,2.8773322105407715,0.8679245283018868
frozen,1,1,1,2,2.386629343032837,0.8679245283018868
frozen,1,1,1,3,2.046553611755371,0.8679245283018868
frozen,1,1,1,4,1.794368028640747,0.8490566037735849
frozen,1,1,1,5,1.6054669618606567,0.8867924528301887
frozen,1,1,1,6,1.4363878965377808,0.8867924528301887
frozen,1,1,1,7,1.2663769721984863,0.8867924528301887
frozen,1,1,1,8,1.101899266242981,0.8867924528301887
frozen,1,1,1,9,0.9516939520835876,0.8867924528301887
frozen,1,1,1,10,0.8104596734046936,0.8867924528301887
frozen,1,1,1,11,0.6982192993164062,0.9056603773584906
frozen,1,1,1,12,0.6118699908256531,0.9056603773584906
frozen,1,1,1,13,0.5286338925361633,0.9056603773584906
frozen,1,1,1,14,0.4934810698032379,0.9056603773584906
frozen,1,1,1,15,0.46595460176467896,0.9056603773584906
frozen,1,1,1,16,0.4366578161716461,0.8867924528301887
frozen,1,1,1,17,0.41564950346946716,0.8679245283018868
frozen,1,1,1,18,0.39474040269851685,0.8679245283018868
frozen,1,1,1,19,0.37554237246513367,0.8679245283018868
frozen,1,1,1,20,0.356009840965271,0.8301886792452831
frozen,1,1,1,21,0.3546610176563263,0.8490566037735849
frozen,1,1,1,22,0.3408132791519165,0.7924528301886793
frozen,1,1,1,23,0.32489389181137085,0.8113207547169812
frozen,1,1,1,24,0.3246024250984192,0.8301886792452831
frozen,1,1,1,25,0.3507844805717468,0.8490566037735849
frozen,1,1,1,26,0.3301517367362976,0.8490566037735849
frozen,1,1,2,1,2.9722678661346436,0.9024390243902439
frozen,1,1,2,2,2.4265968799591064,0.9024390243902439
frozen,1,1,2,3,2.085130214691162,0.9024390243902439
frozen,1,1,2,4,1.8329297304153442,0.9024390243902439
frozen,1,1,2,5,1.6294573545455933,0.8780487804878049
frozen,1,1,2,6,1.4504586458206177,0.8536585365853658
frozen,1,1,2,7,1.2812148332595825,0.8292682926829268
frozen,1,1,2,8,1.1122111082077026,0.8292682926829268
frozen,1,1,2,9,0.934430718421936,0.8048780487804879
frozen,1,1,2,10,0.7594389319419861,0.8048780487804879
frozen,1,1,2,11,0.6459875106811523,0.7804878048780488
frozen,1,1,2,12,0.5568037629127502,0.7804878048780488
frozen,1,1,2,13,0.5272653102874756,0.7804878048780488
frozen,1,1,2,14,0.5453620553016663,0.8048780487804879
frozen,1,1,2,15,0.46232274174690247,0.8292682926829268
frozen,1,1,2,16,0.4581315219402313,0.8292682926829268
frozen,1,1,2,17,0.426798939704895,0.8292682926829268
frozen,1,1,2,18,0.41656091809272766,0.8536585365853658
frozen,1,1,2,19,0.37664899230003357,0.8292682926829268
frozen,1,1,2,20,0.36937573552131653,0.8048780487804879
adapted,1,1,0,1,3.093717098236084,0.6779661016949152
adapted,1,1,0,2,2.4169130325317383,0.6779661016949152
adapted,1,1,0,3,2.066119909286499,0.711864406779661
adapted,1,1,0,4,1.8285812139511108,0.7288135593220338
adapted,1,1,0,5,1.6450531482696533,0.711864406779661
adapted,1,1,0,6,1.4654653072357178,0.7288135593220338
adapted,1,1,0,7,1.2669734954833984,0.7796610169491526
adapted,1,1,0,8,1.0583915710449219,0.7796610169491526
adapted,1,1,0,9,0.8605440855026245,0.7796610169491526
adapted,1,1,0,10,0.6853338479995728,0.7966101694915254
adapted,1,1,0,11,0.5602526664733887,0.8135593220338984
adapted,1,1,0,12,0.4824972152709961,0.8135593220338984
adapted,1,1,0,13,0.43298205733299255,0.8135593220338984
adapted,1,1,0,14,0.3916497230529785,0.7796610169491526
adapted,1,1,0,15,0.3902744650840759,0.7796610169491526
adapted,1,1,0,16,0.3585255742073059,0.7796610169491526
adapted,1,1,0,17,0.36235326528549194,0.7796610169491526
adapted,1,1,0,18,0.3373759686946869,0.7796610169491526
adapted,1,1,0,19,0.31871497631073,0.7796610169491526
adapted,1,1,0,20,0.3117307126522064,0.7796610169491526
adapted,1,1,0,21,0.3079621195793152,0.7796610169491526
adapted,1,1,0,22,0.2973378896713257,0.7796610169491526
adapted,1,1,0,23,0.2824014723300934,0.7796610169491526
adapted,1,1,0,24,0.2681647837162018,0.7796610169491526
adapted,1,1,0,25,0.26374781131744385,0.7796610169491526
adapted,1,1,0,26,0.2623235285282135,0.7966101694915254
adapted,1,1,1,1,2.8773322105407715,0.8679245283018868
adapted,1,1,1,2,2.3371801376342773,0.8679245283018868
adapted,1,1,1,3,1.9613019227981567,0.8679245283018868
adapted,1,1,1,4,1.6862941980361938,0.8679245283018868
adapted,1,1,1,5,1.468203067779541,0.8490566037735849
adapted,1,1,1,6,1.2682428359985352,0.8679245283018868
adapted,1,1,1,7,1.0895122289657593,0.8679245283018868
adapted,1,1,1,8,0.9337076544761658,0.8679245283018868
adapted,1,1,1,9,0.7883453369140625,0.8679245283018868
adapted,1,1,1,10,0.6760054230690002,0.8679245283018868
adapted,1,1,1,11,0.5871636271476746,0.8867924528301887
adapted,1,1,1,12,0.5190060138702393,0.8867924528301887
adapted,1,1,1,13,0.4843955934047699,0.8679245283018868
adapted,1,1,1,14,0.4478152096271515,0.8679245283018868
adapted,1,1,1,15,0.4291403889656067,0.8679245283018868
adapted,1,1,1,16,0.40168821811676025,0.8490566037735849
adapted,1,1,1,17,0.3893238306045532,0.8301886792452831
adapted,1,1,1,18,0.37224432826042175,0.8301886792452831
adapted,1,1,1,19,0.3519800305366516,0.8301886792452831
adapted,1,1,1,20,0.34401676058769226,0.8301886792452831
adapted,1,1,1,21,0.32687151432037354,0.8301886792452831
adapted,1,1,1,22,0.3224635124206543,0.8301886792452831
adapted,1,1,1,23,0.31110695004463196,0.8301886792452831
adapted,1,1,1,24,0.302934855222702,0.7924528301886793
adapted,1,1,1,25,0.319796085357666,0.8113207547169812
adapted,1,1,1,26,0.28887540102005005,0.8113207547169812
adapted,1,1,2,1,2.9722678661346436,0.9024390243902439
adapted,1,1,2,2,2.37703800201416,0.9024390243902439
adapted,1,1,2,3,1.9999263286590576,0.9024390243902439
adapted,1,1,2,4,1.716505765914917,0.9024390243902439
adapted,1,1,2,5,1.4836921691894531,0.9024390243902439
adapted,1,1,2,6,1.2801902294158936,0.9024390243902439
adapted,1,1,2,7,1.089294195175171,0.9024390243902439
adapted,1,1,2,8,0.9027233719825745,0.9024390243902439
adapted,1,1,2,9,0.7335094809532166,0.8780487804878049
adapted,1,1,2,10,0.6086060404777527,0.8292682926829268
adapted,1,1,2,11,0.5259925723075867,0.8536585365853658
adapted,1,1,2,12,0.4765153229236603,0.8536585365853658
adapted,1,1,2,13,0.4419984519481659,0.8536585365853658
adapted,1,1,2,14,0.42031335830688477,0.8292682926829268
adapted,1,1,2,15,0.4488857388496399,0.8292682926829268
adapted,1,1,2,16,0.40964919328689575,0.8536585365853658
adapted,1,1,2,17,0.49903109669685364,0.8536585365853658
adapted,1,1,2,18,0.4379969537258148,0.8048780487804879
adapted,1,1,2,19,0.38885462284088135,0.8048780487804879
adapted,1,1,2,20,0.35801973938941956,0.8048780487804879
frozen,1,2,0,1,2.8970236778259277,0.8857142857142857
frozen,1,2,0,2,2.367121934890747,0.9142857142857143
frozen,1,2,0,3,2.0614676475524902,0.9
frozen,1,2,0,4,1.8339836597442627,0.9
frozen,1,2,0,5,1.6347987651824951,0.9
frozen,1,2,0,6,1.4558604955673218,0.9
frozen,1,2,0,7,1.2991966009140015,0.8857142857142857
frozen,1,2,0,8,1.1560657024383545,0.8857142857142857
frozen,1,2,0,9,1.0143648386001587,0.8857142857142857
frozen,1,2,0,10,0.858085036277771,0.8714285714285714
frozen,1,2,0,11,0.6953694224357605,0.8714285714285714
frozen,1,2,0,12,0.5651717185974121,0.8571428571428571
frozen,1,2,0,13,0.4874025285243988,0.8857142857142857
frozen,1,2,0,14,0.4456900656223297,0.8714285714285714
frozen,1,2,0,15,0.4113427698612213,0.8714285714285714
frozen,1,2,0,16,0.3675612211227417,0.8714285714285714
frozen,1,2,0,17,0.35217371582984924,0.8857142857142857
frozen,1,2,0,18,0.3403201699256897,0.8857142857142857
frozen,1,2,0,19,0.3228515684604645,0.8857142857142857
frozen,1,2,0,20,0.29284054040908813,0.9142857142857143
frozen,1,2,1,1,3.1497621536254883,0.7727272727272727
frozen,1,2,1,2,2.6060450077056885,0.8181818181818182
frozen,1,2,1,3,2.3295669555664062,0.7954545454545454
frozen,1,2,1,4,2.1297366619110107,0.7954545454545454
frozen,1,2,1,5,1.9617362022399902,0.7954545454545454
frozen,1,2,1,6,1.7905734777450562,0.7954545454545454
frozen,1,2,1,7,1.6078242063522339,0.7954545454545454
frozen,1,2,1,8,1.3992494344711304,0.7954545454545454
frozen,1,2,1,9,1.1487345695495605,0.7954545454545454
frozen,1,2,1,10,0.9092977046966553,0.7954545454545454
frozen,1,2,1,11,0.7282636761665344,0.8409090909090909
frozen,1,2,1,12,0.5919620394706726,0.8409090909090909
frozen,1,2,1,13,0.5396373867988586,0.9090909090909091
frozen,1,2,1,14,0.6013802886009216,0.9090909090909091
frozen,1,2,1,15,0.4805416166782379,0.9318181818181818
frozen,1,2,1,16,0.41192296147346497,0.8863636363636364
frozen,1,2,1,17,0.44792041182518005,0.9318181818181818
frozen,1,2,1,18,0.4248463809490204,0.9318181818181818
frozen,1,2,1,19,0.3593003749847412,0.9318181818181818
frozen,1,2,1,20,0.35146263241767883,0.9318181818181818
frozen,1,2,1,21,0.34257686138153076,0.9318181818181818
frozen,1,2,1,22,0.332790344953537,0.9318181818181818
frozen,1,2,1,23,0.3173229992389679,0.9318181818181818
frozen,1,2,1,24,0.3094165027141571,0.9318181818181818
frozen,1,2,1,25,0.3008067011833191,0.9318181818181818
frozen,1,2,1,26,0.28985583782196045,0.9318181818181818
frozen,1,2,1,27,0.2809053361415863,0.9318181818181818
frozen,1,2,1,28,0.27224043011665344,0.9318181818181818
frozen,1,2,1,29,0.265865683555603,0.9318181818181818
frozen,1,2,1,30,0.2587326765060425,0.9318181818181818
frozen,1,2,2,1,2.956130027770996,0.6938775510204082
frozen,1,2,2,2,2.4115233421325684,0.6938775510204082
frozen,1,2,2,3,2.0609331130981445,0.7142857142857143
frozen,1,2,2,4,1.785854697227478,0.6938775510204082
frozen,1,2,2,5,1.5570216178894043,0.6938775510204082
frozen,1,2,2,6,1.3472901582717896,0.7142857142857143
frozen,1,2,2,7,1.150822639465332,0.7142857142857143
frozen,1,2,2,8,0.9769579172134399,0.7142857142857143
frozen,1,2,2,9,0.8229629993438721,0.7142857142857143
frozen,1,2,2,10,0.6794987320899963,0.7142857142857143
frozen,1,2,2,11,0.5927152633666992,0.7142857142857143
frozen,1,2,2,12,0.527654230594635,0.7142857142857143
frozen,1,2,2,13,0.48159411549568176,0.7142857142857143
frozen,1,2,2,14,0.440851092338562,0.7142857142857143
frozen,1,2,2,15,0.4182511270046234,0.7142857142857143
frozen,1,2,2,16,0.3943730592727661,0.7142857142857143
frozen,1,2,2,17,0.37755948305130005,0.7142857142857143
frozen,1,2,2,18,0.3568170368671417,0.7142857142857143
frozen,1,2,2,19,0.3445698320865631,0.7142857142857143
frozen,1,2,2,20,0.33109143376350403,0.6938775510204082
adapted,1,2,0,1,2.8970236778259277,0.8857142857142857
adapted,1,2,0,2,2.323824405670166,0.9
adapted,1,2,0,3,1.9862184524536133,0.9
adapted,1,2,0,4,1.7143996953964233,0.9142857142857143
adapted,1,2,0,5,1.4714581966400146,0.9
adapted,1,2,0,6,1.2676233053207397,0.9
adapted,1,2,0,7,1.1008141040802002,0.8857142857142857
adapted,1,2,0,8,0.9434955716133118,0.8857142857142857
adapted,1,2,0,9,0.7738655805587769,0.8714285714285714
adapted,1,2,0,10,0.6250581741333008,0.8571428571428571
adapted,1,2,0,11,0.5355591773986816,0.8571428571428571
adapted,1,2,0,12,0.47762221097946167,0.8571428571428571
adapted,1,2,0,13,0.4289582371711731,0.8571428571428571
adapted,1,2,0,14,0.3958854675292969,0.8714285714285714
adapted,1,2,0,15,0.37692004442214966,0.8714285714285714
adapted,1,2,0,16,0.3514297604560852,0.8714285714285714
adapted,1,2,0,17,0.3403337597846985,0.8857142857142857
adapted,1,2,0,18,0.32881611585617065,0.8571428571428571
adapted,1,2,0,19,0.32276326417922974,0.8714285714285714
adapted,1,2,0,20,0.29098615050315857,0.8857142857142857
adapted,1,2,1,1,3.1497621536254883,0.7727272727272727
adapted,1,2,1,2,2.568437337875366,0.8181818181818182
adapted,1,2,1,3,2.263395071029663,0.7954545454545454
adapted,1,2,1,4,2.0319151878356934,0.7954545454545454
adapted,1,2,1,5,1.8191885948181152,0.7954545454545454
adapted,1,2,1,6,1.601324200630188,0.7954545454545454
adapted,1,2,1,7,1.3692148923873901,0.7954545454545454
adapted,1,2,1,8,1.120859146118164,0.7954545454545454
adapted,1,2,1,9,0.8991464376449585,0.7954545454545454
adapted,1,2,1,10,0.7118629217147827,0.8409090909090909
adapted,1,2,1,11,0.5845610499382019,0.8636363636363636
adapted,1,2,1,12,0.6010134220123291,0.8863636363636364
adapted,1,2,1,13,0.531126081943512,0.9090909090909091
adapted,1,2,1,14,0.5971177816390991,0.9090909090909091
adapted,1,2,1,15,0.5435180068016052,0.9090909090909091
adapted,1,2,1,16,0.519475519657135,0.9090909090909091
adapted,1,2,1,17,0.48991575837135315,0.9090909090909091
adapted,1,2,1,18,0.3835037350654602,0.9318181818181818
adapted,1,2,1,19,0.4325893521308899,0.9318181818181818
adapted,1,2,1,20,0.4240727722644806,0.9318181818181818
adapted,1,2,1,21,0.39665329456329346,0.9318181818181818
adapted,1,2,1,22,0.3675359785556793,0.9318181818181818
adapted,1,2,1,23,0.3429142236709595,0.9318181818181818
adapted,1,2,1,24,0.341528981924057,0.9318181818181818
adapted,1,2,1,25,0.3179657757282257,0.9318181818181818
adapted,1,2,1,26,0.3274106979370117,0.9318181818181818
adapted,1,2,1,27,0.3210188150405884,0.9090909090909091
adapted,1,2,1,28,0.31109896302223206,0.9090909090909091
adapted,1,2,1,29,0.3007217049598694,0.9090909090909091
adapted,1,2,1,30,0.27927181124687195,0.9318181818181818
adapted,1,2,1,31,0.2805218994617462,0.9318181818181818
adapted,1,2,1,32,0.26973628997802734,0.9090909090909091
adapted,1,2,1,33,0.2728504240512848,0.9090909090909091
adapted,1,2,2,1,2.956130027770996,0.673469387755102
adapted,1,2,2,2,2.369053840637207,0.7142857142857143
adapted,1,2,2,3,1.9832316637039185,0.7142857142857143
adapted,1,2,2,4,1.6735866069793701,0.7142857142857143
adapted,1,2,2,5,1.4111930131912231,0.7142857142857143
adapted,1,2,2,6,1.1763981580734253,0.7142857142857143
adapted,1,2,2,7,0.980111837387085,0.7142857142857143
adapted,1,2,2,8,0.8158945441246033,0.7142857142857143
adapted,1,2,2,9,0.6745598316192627,0.7142857142857143
adapted,1,2,2,10,0.5958834290504456,0.7142857142857143
adapted,1,2,2,11,0.5212622880935669,0.7142857142857143
adapted,1,2,2,12,0.4753287136554718,0.7346938775510204
adapted,1,2,2,13,0.45643720030784607,0.7346938775510204
adapted,1,2,2,14,0.4071151614189148,0.7142857142857143
adapted,1,2,2,15,0.4011079668998718,0.7346938775510204
adapted,1,2,2,16,0.3875279724597931,0.7346938775510204
adapted,1,2,2,17,0.3491596281528473,0.7346938775510204
adapted,1,2,2,18,0.35628023743629456,0.7346938775510204
adapted,1,2,2,19,0.3376813232898712,0.7142857142857143
adapted,1,2,2,20,0.32237258553504944,0.7142857142857143
adapted,1,2,2,21,0.3183327615261078,0.7142857142857143
adapted,1,2,2,22,0.3052642047405243,0.7142857142857143
adapted,1,2,2,23,0.29883873462677,0.7142857142857143
adapted,1,2,2,24,0.2895510494709015,0.7142857142857143
adapted,1,2,2,25,0.2827437222003937,0.7142857142857143
adapted,1,2,2,26,0.2746744453907013,0.7142857142857143
adapted,1,2,2,27,0.2672480344772339,0.7142857142857143
frozen,1,3,0,1,2.878953695297241,0.7796610169491526
frozen,1,3,0,2,2.366677761077881,0.8813559322033898
frozen,1,3,0,3,2.042606830596924,0.8983050847457628
frozen,1,3,0,4,1.757317304611206,0.8983050847457628
frozen,1,3,0,5,1.5356175899505615,0.9152542372881356
frozen,1,3,0,6,1.3600728511810303,0.9152542372881356
frozen,1,3,0,7,1.1889312267303467,0.8983050847457628
frozen,1,3,0,8,1.0132453441619873,0.9152542372881356
frozen,1,3,0,9,0.8524236679077148,0.8983050847457628
frozen,1,3,0,10,0.706331729888916,0.8983050847457628
frozen,1,3,0,11,0.5925977826118469,0.8983050847457628
frozen,1,3,0,12,0.5148167014122009,0.9152542372881356
frozen,1,3,0,13,0.4443150460720062,0.9152542372881356
frozen,1,3,0,14,0.4258125424385071,0.9152542372881356
frozen,1,3,0,15,0.3827880322933197,0.8983050847457628
frozen,1,3,0,16,0.36019954085350037,0.8983050847457628
frozen,1,3,0,17,0.3620902895927429,0.9152542372881356
frozen,1,3,0,18,0.34331968426704407,0.9152542372881356
frozen,1,3,0,19,0.3156128227710724,0.9152542372881356
frozen,1,3,0,20,0.31204575300216675,0.9152542372881356
frozen,1,3,1,1,2.7476577758789062,0.6976744186046512
frozen,1,3,1,2,2.2698845863342285,0.7209302325581395
frozen,1,3,1,3,1.9819473028182983,0.7441860465116279
frozen,1,3,1,4,1.7686349153518677,0.7674418604651163
frozen,1,3,1,5,1.593617558479309,0.8372093023255814
frozen,1,3,1,6,1.4328688383102417,0.8837209302325582
frozen,1,3,1,7,1.2699440717697144,0.9069767441860465
frozen,1,3,1,8,1.104781985282898,0.8837209302325582
frozen,1,3,1,9,0.9354962706565857,0.8837209302325582
frozen,1,3,1,10,0.7466890215873718,0.8837209302325582
frozen,1,3,1,11,0.5976943373680115,0.9069767441860465
frozen,1,3,1,12,0.5486220717430115,0.8837209302325582
frozen,1,3,1,13,0.49688956141471863,0.8837209302325582
frozen,1,3,1,14,0.4328747093677521,0.9302325581395349
frozen,1,3,1,15,0.45112887024879456,0.9069767441860465
frozen,1,3,1,16,0.38616254925727844,0.9069767441860465
frozen,1,3,1,17,0.364456444978714,0.8837209302325582
frozen,1,3,1,18,0.35329970717430115,0.8837209302325582
frozen,1,3,1,19,0.33459827303886414,0.8372093023255814
frozen,1,3,1,20,0.3221184313297272,0.8372093023255814
frozen,1,3,1,21,0.31256458163261414,0.8604651162790697
frozen,1,3,1,22,0.2907662093639374,0.8604651162790697
frozen,1,3,1,23,0.2869262397289276,0.8604651162790697
frozen,1,3,1,24,0.28002724051475525,0.8604651162790697
frozen,1,3,1,25,0.27152514457702637,0.8372093023255814
frozen,1,3,1,26,0.25927993655204773,0.8372093023255814
frozen,1,3,1,27,0.25401127338409424,0.8372093023255814
frozen,1,3,1,28,0.24854908883571625,0.8372093023255814
frozen,1,3,1,29,0.2424098551273346,0.8372093023255814
frozen,1,3,2,1,2.803046226501465,0.8260869565217391
frozen,1,3,2,2,2.394505262374878,0.8260869565217391
frozen,1,3,2,3,2.076314687728882,0.8260869565217391
frozen,1,3,2,4,1.8128055334091187,0.8260869565217391
frozen,1,3,2,5,1.590383529663086,0.8043478260869565
frozen,1,3,2,6,1.401874303817749,0.8043478260869565
frozen,1,3,2,7,1.2365108728408813,0.782608695652174
frozen,1,3,2,8,1.075278878211975,0.782608695652174
frozen,1,3,2,9,0.9135313630104065,0.8043478260869565
frozen,1,3,2,10,0.772164523601532,0.782608695652174
frozen,1,3,2,11,0.662765622138977,0.782608695652174
frozen,1,3,2,12,0.5775098204612732,0.8043478260869565
frozen,1,3,2,13,0.5219020843505859,0.8043478260869565
frozen,1,3,2,14,0.4839693009853363,0.782608695652174
frozen,1,3,2,15,0.5735120177268982,0.8695652173913043
frozen,1,3,2,16,0.43133220076560974,0.8478260869565217
frozen,1,3,2,17,0.44169890880584717,0.8043478260869565
frozen,1,3,2,18,0.4115113317966461,0.8043478260869565
frozen,1,3,2,19,0.4067712128162384,0.8043478260869565
frozen,1,3,2,20,0.36823880672454834,0.8260869565217391
frozen,1,3,2,21,0.3773735761642456,0.8043478260869565
frozen,1,3,2,22,0.3509966731071472,0.8043478260869565
frozen,1,3,2,23,0.33949530124664307,0.8043478260869565
frozen,1,3,2,24,0.3343479037284851,0.8043478260869565
frozen,1,3,2,25,0.31833112239837646,0.8043478260869565
frozen,1,3,2,26,0.31253015995025635,0.8043478260869565
frozen,1,3,2,27,0.30852583050727844,0.8043478260869565
frozen,1,3,2,28,0.29598596692085266,0.8043478260869565
frozen,1,3,2,29,0.2902407944202423,0.8043478260869565
frozen,1,3,2,30,0.2828073501586914,0.8043478260869565
adapted,1,3,0,1,2.878953695297241,0.7966101694915254
adapted,1,3,0,2,2.321683168411255,0.8813559322033898
adapted,1,3,0,3,1.9424870014190674,0.8983050847457628
adapted,1,3,0,4,1.6260480880737305,0.9152542372881356
adapted,1,3,0,5,1.3888490200042725,0.8983050847457628
adapted,1,3,0,6,1.1804167032241821,0.9152542372881356
adapted,1,3,0,7,0.9825279116630554,0.9152542372881356
adapted,1,3,0,8,0.809378981590271,0.8983050847457628
adapted,1,3,0,9,0.6666359901428223,0.8983050847457628
adapted,1,3,0,10,0.5690369606018066,0.8983050847457628
adapted,1,3,0,11,0.4879484176635742,0.8983050847457628
adapted,1,3,0,12,0.42337387800216675,0.9152542372881356
adapted,1,3,0,13,0.39766910672187805,0.9152542372881356
adapted,1,3,0,14,0.3599192202091217,0.8983050847457628
adapted,1,3,0,15,0.34714534878730774,0.8983050847457628
adapted,1,3,0,16,0.32422971725463867,0.8983050847457628
adapted,1,3,0,17,0.31005924940109253,0.8983050847457628
adapted,1,3,0,18,0.30259543657302856,0.8983050847457628
adapted,1,3,0,19,0.285777747631073,0.8983050847457628
adapted,1,3,0,20,0.2759318947792053,0.8983050847457628
adapted,1,3,1,1,2.7476577758789062,0.6976744186046512
adapted,1,3,1,2,2.230351209640503,0.7209302325581395
adapted,1,3,1,3,1.9139326810836792,0.7441860465116279
adapted,1,3,1,4,1.669163465499878,0.813953488372093
adapted,1,3,1,5,1.4653534889221191,0.8837209302325582
adapted,1,3,1,6,1.2731341123580933,0.9069767441860465
adapted,1,3,1,7,1.0902756452560425,0.8837209302325582
adapted,1,3,1,8,0.9141929149627686,0.8837209302325582
adapted,1,3,1,9,0.7321548461914062,0.8837209302325582
adapted,1,3,1,10,0.5983117818832397,0.9069767441860465
adapted,1,3,1,11,0.5433387756347656,0.9069767441860465
adapted,1,3,1,12,0.4752134084701538,0.9069767441860465
adapted,1,3,1,13,0.44107863306999207,0.9069767441860465
adapted,1,3,1,14,0.4214811325073242,0.9069767441860465
adapted,1,3,1,15,0.3790622055530548,0.9069767441860465
adapted,1,3,1,16,0.3589426577091217,0.9069767441860465
adapted,1,3,1,17,0.34106138348579407,0.8837209302325582
adapted,1,3,1,18,0.32264167070388794,0.8837209302325582
adapted,1,3,1,19,0.3158074617385864,0.8837209302325582
adapted,1,3,1,20,0.3081999123096466,0.8837209302325582
adapted,1,3,1,21,0.29595670104026794,0.8604651162790697
adapted,1,3,2,1,2.803046226501465,0.8260869565217391
adapted,1,3,2,2,2.352489471435547,0.8260869565217391
adapted,1,3,2,3,2.0071370601654053,0.8260869565217391
adapted,1,3,2,4,1.7182940244674683,0.8043478260869565
adapted,1,3,2,5,1.478102207183838,0.8043478260869565
adapted,1,3,2,6,1.2803268432617188,0.782608695652174
adapted,1,3,2,7,1.1048228740692139,0.782608695652174
adapted,1,3,2,8,0.9400697350502014,0.8043478260869565
adapted,1,3,2,9,0.795924723148346,0.8043478260869565
adapted,1,3,2,10,0.673340380191803,0.8043478260869565
adapted,1,3,2,11,0.5816840529441833,0.8043478260869565
adapted,1,3,2,12,0.5239707827568054,0.8043478260869565
adapted,1,3,2,13,0.4815317392349243,0.8043478260869565
adapted,1,3,2,14,0.45126038789749146,0.8043478260869565
adapted,1,3,2,15,0.4391346871852875,0.8260869565217391
adapted,1,3,2,16,0.41761234402656555,0.8043478260869565
adapted,1,3,2,17,0.40578076243400574,0.8043478260869565
adapted,1,3,2,18,0.39027318358421326,0.8043478260869565
adapted,1,3,2,19,0.37690603733062744,0.8260869565217391
adapted,1,3,2,20,0.36058056354522705,0.8260869565217391
frozen,1,4,0,1,3.0542399883270264,0.6666666666666666
frozen,1,4,0,2,2.5945160388946533,0.7666666666666667
frozen,1,4,0,3,2.233839988708496,0.7833333333333333
frozen,1,4,0,4,1.9149211645126343,0.8166666666666667
frozen,1,4,0,5,1.6249901056289673,0.8333333333333334
frozen,1,4,0,6,1.3737822771072388,0.85
frozen,1,4,0,7,1.1613047122955322,0.8333333333333334
frozen,1,4,0,8,0.9478752017021179,0.8166666666666667
frozen,1,4,0,9,0.7477613687515259,0.8333333333333334
frozen,1,4,0,10,0.6006174683570862,0.8333333333333334
frozen,1,4,0,11,0.5516363978385925,0.85
frozen,1,4,0,12,0.5021029710769653,0.85
frozen,1,4,0,13,0.4721958041191101,0.8666666666666667
frozen,1,4,0,14,0.42852649092674255,0.8666666666666667
frozen,1,4,0,15,0.40050190687179565,0.8666666666666667
frozen,1,4,0,16,0.39002299308776855,0.8666666666666667
frozen,1,4,0,17,0.36412888765335083,0.8666666666666667
frozen,1,4,0,18,0.346454918384552,0.8833333333333333
frozen,1,4,0,19,0.33465927839279175,0.8666666666666667
frozen,1,4,0,20,0.3272044062614441,0.8666666666666667
frozen,1,4,0,21,0.3081457018852234,0.8833333333333333
frozen,1,4,0,22,0.3060997426509857,0.8666666666666667
frozen,1,4,0,23,0.2904181480407715,0.85
frozen,1,4,0,24,0.2881945073604584,0.8666666666666667
frozen,1,4,0,25,0.27389296889305115,0.8833333333333333
frozen,1,4,0,26,0.2635653614997864,0.8833333333333333
frozen,1,4,0,27,0.2574506998062134,0.8833333333333333
frozen,1,4,0,28,0.2498537003993988,0.8833333333333333
frozen,1,4,0,29,0.2450140416622162,0.8666666666666667
frozen,1,4,0,30,0.23758450150489807,0.8833333333333333
frozen,1,4,0,31,0.23001313209533691,0.8833333333333333
frozen,1,4,0,32,0.2251189649105072,0.8833333333333333
frozen,1,4,0,33,0.22226834297180176,0.8833333333333333
frozen,1,4,1,1,2.77751088142395,0.5849056603773585
frozen,1,4,1,2,2.225297689437866,0.6792452830188679
frozen,1,4,1,3,1.8868629932403564,0.6792452830188679
frozen,1,4,1,4,1.6284103393554688,0.6792452830188679
frozen,1,4,1,5,1.4134182929992676,0.6792452830188679
frozen,1,4,1,6,1.2216460704803467,0.7358490566037735
frozen,1,4,1,7,1.035868763923645,0.7547169811320755
frozen,1,4,1,8,0.8583052158355713,0.7547169811320755
frozen,1,4,1,9,0.7193456888198853,0.7358490566037735
frozen,1,4,1,10,0.6339030861854553,0.7735849056603774
frozen,1,4,1,11,0.5307195782661438,0.7924528301886793
frozen,1,4,1,12,0.5444177389144897,0.7547169811320755
frozen,1,4,1,13,0.5352739691734314,0.7735849056603774
frozen,1,4,1,14,0.4270813763141632,0.7924528301886793
frozen,1,4,1,15,0.4795897305011749,0.7735849056603774
frozen,1,4,1,16,0.38568705320358276,0.7547169811320755
frozen,1,4,1,17,0.4106845557689667,0.7547169811320755
frozen,1,4,1,18,0.3699284493923187,0.7735849056603774
frozen,1,4,1,19,0.3636772036552429,0.7735849056603774
frozen,1,4,1,20,0.34622126817703247,0.7735849056603774
frozen,1,4,1,21,0.33677351474761963,0.7735849056603774
frozen,1,4,1,22,0.31823232769966125,0.7924528301886793
frozen,1,4,1,23,0.30702662467956543,0.7924528301886793
frozen,1,4,1,24,0.30663231015205383,0.7924528301886793
frozen,1,4,1,25,0.3008142113685608,0.7735849056603774
frozen,1,4,1,26,0.2831413745880127,0.7547169811320755
frozen,1,4,2,1,2.938845634460449,0.9148936170212766
frozen,1,4,2,2,2.4593963623046875,0.9148936170212766
frozen,1,4,2,3,2.1366758346557617,0.8936170212765957
frozen,1,4,2,4,1.89100980758667,0.851063829787234
frozen,1,4,2,5,1.6703002452850342,0.8297872340425532
frozen,1,4,2,6,1.4712364673614502,0.8085106382978723
frozen,1,4,2,7,1.3028982877731323,0.7659574468085106
frozen,1,4,2,8,1.1428967714309692,0.7659574468085106
frozen,1,4,2,9,0.9735927581787109,0.7446808510638298
frozen,1,4,2,10,0.8163646459579468,0.7446808510638298
frozen,1,4,2,11,0.6777448058128357,0.7446808510638298
frozen,1,4,2,12,0.5639815926551819,0.7659574468085106
frozen,1,4,2,13,0.5180019736289978,0.7659574468085106
frozen,1,4,2,14,0.452687531709671,0.7659574468085106
frozen,1,4,2,15,0.4380702078342438,0.7659574468085106
frozen,1,4,2,16,0.41001975536346436,0.7659574468085106
frozen,1,4,2,17,0.3925599753856659,0.7659574468085106
frozen,1,4,2,18,0.36982765793800354,0.8085106382978723
frozen,1,4,2,19,0.3558999300003052,0.8085106382978723
frozen,1,4,2,20,0.3434784412384033,0.8085106382978723
adapted,1,4,0,1,3.0542399883270264,0.6666666666666666
adapted,1,4,0,2,2.550291061401367,0.7666666666666667
adapted,1,4,0,3,2.1604626178741455,0.7666666666666667
adapted,1,4,0,4,1.8089450597763062,0.8
adapted,1,4,0,5,1.494746446609497,0.8166666666666667
adapted,1,4,0,6,1.2380445003509521,0.8166666666666667
adapted,1,4,0,7,1.0153809785842896,0.8166666666666667
adapted,1,4,0,8,0.8075974583625793,0.8
adapted,1,4,0,9,0.6355618238449097,0.8
adapted,1,4,0,10,0.5717223882675171,0.8166666666666667
adapted,1,4,0,11,0.5109818577766418,0.85
adapted,1,4,0,12,0.503922164440155,0.8666666666666667
adapted,1,4,0,13,0.48596271872520447,0.85
adapted,1,4,0,14,0.4647155702114105,0.8166666666666667
adapted,1,4,0,15,0.4162018895149231,0.8333333333333334
adapted,1,4,0,16,0.40229400992393494,0.8166666666666667
adapted,1,4,0,17,0.3900328576564789,0.8333333333333334
adapted,1,4,0,18,0.3567785620689392,0.85
adapted,1,4,0,19,0.34789377450942993,0.85
adapted,1,4,0,20,0.3348236680030823,0.85
adapted,1,4,0,21,0.3255650997161865,0.85
adapted,1,4,0,22,0.3197486102581024,0.85
adapted,1,4,0,23,0.29983240365982056,0.85
adapted,1,4,0,24,0.2936049997806549,0.85
adapted,1,4,0,25,0.2827189266681671,0.8333333333333334
adapted,1,4,0,26,0.27523526549339294,0.8333333333333334
adapted,1,4,0,27,0.2684555947780609,0.85
adapted,1,4,1,1,2.77751088142395,0.6226415094339622
adapted,1,4,1,2,2.1707773208618164,0.6792452830188679
adapted,1,4,1,3,1.7990566492080688,0.660377358490566
adapted,1,4,1,4,1.5116595029830933,0.6792452830188679
adapted,1,4,1,5,1.271681547164917,0.7358490566037735
adapted,1,4,1,6,1.0542041063308716,0.7547169811320755
adapted,1,4,1,7,0.864687979221344,0.7547169811320755
adapted,1,4,1,8,0.7281497716903687,0.7547169811320755
adapted,1,4,1,9,0.6306248307228088,0.7358490566037735
adapted,1,4,1,10,0.5289989709854126,0.7735849056603774
adapted,1,4,1,11,0.5140926241874695,0.7735849056603774
adapted,1,4,1,12,0.5065006017684937,0.7547169811320755
adapted,1,4,1,13,0.4517933130264282,0.7547169811320755
adapted,1,4,1,14,0.41943082213401794,0.7547169811320755
adapted,1,4,1,15,0.4076075851917267,0.7547169811320755
adapted,1,4,1,16,0.4034726023674011,0.7547169811320755
adapted,1,4,1,17,0.3836584985256195,0.7547169811320755
adapted,1,4,1,18,0.36370259523391724,0.7358490566037735
adapted,1,4,1,19,0.34223276376724243,0.7547169811320755
adapted,1,4,1,20,0.3343755900859833,0.7547169811320755
adapted,1,4,1,21,0.32841840386390686,0.7547169811320755
adapted,1,4,1,22,0.3172464668750763,0.7547169811320755
adapted,1,4,1,23,0.3108634650707245,0.7547169811320755
adapted,1,4,1,24,0.30754411220550537,0.7547169811320755
adapted,1,4,1,25,0.29535409808158875,0.7358490566037735
adapted,1,4,2,1,2.938845634460449,0.8936170212765957
adapted,1,4,2,2,2.410323143005371,0.9148936170212766
adapted,1,4,2,3,2.057257890701294,0.8723404255319149
adapted,1,4,2,4,1.7753424644470215,0.8297872340425532
adapted,1,4,2,5,1.5237205028533936,0.8085106382978723
adapted,1,4,2,6,1.3165286779403687,0.7872340425531915
adapted,1,4,2,7,1.1351101398468018,0.7659574468085106
adapted,1,4,2,8,0.9566889405250549,0.7446808510638298
adapted,1,4,2,9,0.8018991351127625,0.7446808510638298
adapted,1,4,2,10,0.6715390682220459,0.7446808510638298
adapted,1,4,2,11,0.5596209168434143,0.7659574468085106
adapted,1,4,2,12,0.5134196281433105,0.7659574468085106
adapted,1,4,2,13,0.46213582158088684,0.7659574468085106
adapted,1,4,2,14,0.45494890213012695,0.7872340425531915
adapted,1,4,2,15,0.4355161786079407,0.7872340425531915
adapted,1,4,2,16,0.3947955071926117,0.7872340425531915
adapted,1,4,2,17,0.38666248321533203,0.7872340425531915
adapted,1,4,2,18,0.37107908725738525,0.8085106382978723
adapted,1,4,2,19,0.34587839245796204,0.8085106382978723
adapted,1,4,2,20,0.3617803156375885,0.8085106382978723
frozen,2,0,0,1,3.0824637413024902,0.7777777777777778
frozen,2,0,0,2,2.5338358879089355,0.8611111111111112
frozen,2,0,0,3,2.193641185760498,0.7777777777777778
frozen,2,0,0,4,1.8979390859603882,0.7777777777777778
frozen,2,0,0,5,1.6483854055404663,0.7777777777777778
frozen,2,0,0,6,1.4299198389053345,0.7222222222222222
frozen,2,0,0,7,1.228057861328125,0.6944444444444444
frozen,2,0,0,8,1.0400196313858032,0.6944444444444444
frozen,2,0,0,9,0.8560976982116699,0.7222222222222222
frozen,2,0,0,10,0.7046858072280884,0.7222222222222222
frozen,2,0,0,11,0.616572380065918,0.7222222222222222
frozen,2,0,0,12,0.523537278175354,0.7222222222222222
frozen,2,0,0,13,0.5142976641654968,0.6666666666666666
frozen,2,0,0,14,0.4350178837776184,0.6666666666666666
frozen,2,0,0,15,0.4687536656856537,0.6666666666666666
frozen,2,0,0,16,0.40930137038230896,0.6666666666666666
frozen,2,0,0,17,0.38626009225845337,0.6666666666666666
frozen,2,0,0,18,0.38132229447364807,0.6944444444444444
frozen,2,0,0,19,0.3609985113143921,0.6944444444444444
frozen,2,0,0,20,0.3470700979232788,0.6944444444444444
frozen,2,0,1,1,2.987818717956543,0.6382978723404256
frozen,2,0,1,2,2.4910929203033447,0.6382978723404256
frozen,2,0,1,3,2.1738593578338623,0.6595744680851063
frozen,2,0,1,4,1.9139362573623657,0.6595744680851063
frozen,2,0,1,5,1.6841946840286255,0.6595744680851063
frozen,2,0,1,6,1.4725834131240845,0.6595744680851063
frozen,2,0,1,7,1.2781165838241577,0.6808510638297872
frozen,2,0,1,8,1.1052557229995728,0.7021276595744681
frozen,2,0,1,9,0.946882963180542,0.7446808510638298
frozen,2,0,1,10,0.7872368097305298,0.7446808510638298
frozen,2,0,1,11,0.6547892093658447,0.7446808510638298
frozen,2,0,1,12,0.5532386302947998,0.7872340425531915
frozen,2,0,1,13,0.5192757248878479,0.8085106382978723
frozen,2,0,1,14,0.5175071954727173,0.7872340425531915
frozen,2,0,1,15,0.4981953501701355,0.8085106382978723
frozen,2,0,1,16,0.47278210520744324,0.8085106382978723
frozen,2,0,1,17,0.4594479501247406,0.7872340425531915
frozen,2,0,1,18,0.42224255204200745,0.8085106382978723
frozen,2,0,1,19,0.4237523376941681,0.8085106382978723
frozen,2,0,1,20,0.4147090017795563,0.8085106382978723
frozen,2,0,1,21,0.3849470913410187,0.8085106382978723
frozen,2,0,1,22,0.37656256556510925,0.8297872340425532
frozen,2,0,1,23,0.3776259124279022,0.8297872340425532
frozen,2,0,1,24,0.3645024299621582,0.8085106382978723
frozen,2,0,1,25,0.34877175092697144,0.8085106382978723
frozen,2,0,1,26,0.3422386944293976,0.8085106382978723
frozen,2,0,1,27,0.33562231063842773,0.8085106382978723
frozen,2,0,1,28,0.3258843421936035,0.8297872340425532
frozen,2,0,1,29,0.31722292304039,0.8297872340425532
frozen,2,0,1,30,0.31231382489204407,0.8297872340425532
frozen,2,0,1,31,0.30728399753570557,0.8297872340425532
frozen,2,0,1,32,0.2994592487812042,0.8297872340425532
frozen,2,0,1,33,0.29133340716362,0.8297872340425532
frozen,2,0,1,34,0.2872331738471985,0.8297872340425532
frozen,2,0,1,35,0.2811308205127716,0.8297872340425532
frozen,2,0,1,36,0.2757265865802765,0.8297872340425532
frozen,2,0,1,37,0.2702140510082245,0.8297872340425532
frozen,2,0,2,1,2.751551628112793,0.859375
frozen,2,0,2,2,2.2958834171295166,0.890625
frozen,2,0,2,3,2.0019564628601074,0.875
frozen,2,0,2,4,1.7649147510528564,0.859375
frozen,2,0,2,5,1.5526219606399536,0.90625
frozen,2,0,2,6,1.3542907238006592,0.890625
frozen,2,0,2,7,1.1771032810211182,0.875
frozen,2,0,2,8,1.0103811025619507,0.875
frozen,2,0,2,9,0.8427127599716187,0.875
frozen,2,0,2,10,0.7018352150917053,0.859375
frozen,2,0,2,11,0.5967824459075928,0.859375
frozen,2,0,2,12,0.5267309546470642,0.859375
frozen,2,0,2,13,0.48917075991630554,0.859375
frozen,2,0,2,14,0.4462569057941437,0.859375
frozen,2,0,2,15,0.4086821675300598,0.859375
frozen,2,0,2,16,0.37908440828323364,0.859375
frozen,2,0,2,17,0.3699779212474823,0.859375
frozen,2,0,2,18,0.34396642446517944,0.859375
frozen,2,0,2,19,0.3363494575023651,0.859375
frozen,2,0,2,20,0.32393500208854675,0.859375
adapted,2,0,0,1,3.0824637413024902,0.8333333333333334
adapted,2,0,0,2,2.49684476852417,0.8333333333333334
adapted,2,0,0,3,2.1149001121520996,0.8055555555555556
adapted,2,0,0,4,1.784501075744629,0.75
adapted,2,0,0,5,1.5069972276687622,0.75
adapted,2,0,0,6,1.2692872285842896,0.6944444444444444
adapted,2,0,0,7,1.0718448162078857,0.6944444444444444
adapted,2,0,0,8,0.8856976628303528,0.7222222222222222
adapted,2,0,0,9,0.711237907409668,0.7222222222222222
adapted,2,0,0,10,0.612393856048584,0.75
adapted,2,0,0,11,0.5235211849212646,0.7777777777777778
adapted,2,0,0,12,0.4637064039707184,0.7222222222222222
adapted,2,0,0,13,0.46261459589004517,0.7222222222222222
adapted,2,0,0,14,0.43012017011642456,0.7222222222222222
adapted,2,0,0,15,0.4265829026699066,0.7222222222222222
adapted,2,0,0,16,0.3975558280944824,0.7222222222222222
adapted,2,0,0,17,0.41832566261291504,0.7222222222222222
adapted,2,0,0,18,0.40375709533691406,0.7222222222222222
adapted,2,0,0,19,0.3550303876399994,0.7777777777777778
adapted,2,0,0,20,0.34118956327438354,0.75
adapted,2,0,1,1,2.987818717956543,0.6595744680851063
adapted,2,0,1,2,2.45003342628479,0.6595744680851063
adapted,2,0,1,3,2.0996642112731934,0.6595744680851063
adapted,2,0,1,4,1.8052195310592651,0.6595744680851063
adapted,2,0,1,5,1.5472935438156128,0.6382978723404256
adapted,2,0,1,6,1.3197709321975708,0.6808510638297872
adapted,2,0,1,7,1.1253563165664673,0.723404255319149
adapted,2,0,1,8,0.9529550671577454,0.7446808510638298
adapted,2,0,1,9,0.7865514755249023,0.7659574468085106
adapted,2,0,1,10,0.6530833840370178,0.7659574468085106
adapted,2,0,1,11,0.5632374286651611,0.7872340425531915
adapted,2,0,1,12,0.5175430774688721,0.7872340425531915
adapted,2,0,1,13,0.4810832738876343,0.7872340425531915
adapted,2,0,1,14,0.4607945382595062,0.7872340425531915
adapted,2,0,1,15,0.44482430815696716,0.7872340425531915
adapted,2,0,1,16,0.42490091919898987,0.8297872340425532
adapted,2,0,1,17,0.45102280378341675,0.8085106382978723
adapted,2,0,1,18,0.4264650344848633,0.7872340425531915
adapted,2,0,1,19,0.427162766456604,0.7872340425531915
adapted,2,0,1,20,0.4185047447681427,0.8085106382978723
adapted,2,0,1,21,0.38401663303375244,0.8297872340425532
adapted,2,0,1,22,0.3738758862018585,0.8297872340425532
adapted,2,0,1,23,0.36511313915252686,0.8297872340425532
adapted,2,0,1,24,0.35891854763031006,0.8297872340425532
adapted,2,0,1,25,0.34780487418174744,0.8297872340425532
adapted,2,0,1,26,0.3395925760269165,0.8297872340425532
adapted,2,0,1,27,0.33580800890922546,0.8297872340425532
adapted,2,0,1,28,0.32534828782081604,0.8297872340425532
adapted,2,0,1,29,0.3156959116458893,0.8297872340425532
adapted,2,0,1,30,0.3109128177165985,0.8297872340425532
adapted,2,0,1,31,0.30552801489830017,0.8085106382978723
adapted,2,0,2,1,2.751551628112793,0.859375
adapted,2,0,2,2,2.2543578147888184,0.859375
adapted,2,0,2,3,1.9309074878692627,0.875
adapted,2,0,2,4,1.6579794883728027,0.875
adapted,2,0,2,5,1.4105206727981567,0.890625
adapted,2,0,2,6,1.191929578781128,0.890625
adapted,2,0,2,7,1.0004751682281494,0.890625
adapted,2,0,2,8,0.8265678286552429,0.890625
adapted,2,0,2,9,0.6912144422531128,0.875
adapted,2,0,2,10,0.5888655185699463,0.875
adapted,2,0,2,11,0.5128783583641052,0.875
adapted,2,0,2,12,0.4657951295375824,0.859375
adapted,2,0,2,13,0.43572911620140076,0.859375
adapted,2,0,2,14,0.406165212392807,0.859375
adapted,2,0,2,15,0.37223485112190247,0.859375
adapted,2,0,2,16,0.3569957911968231,0.859375
adapted,2,0,2,17,0.34409525990486145,0.859375
adapted,2,0,2,18,0.3369380235671997,0.859375
adapted,2,0,2,19,0.3214946985244751,0.859375
adapted,2,0,2,20,0.31051015853881836,0.859375
frozen,2,1,0,1,3.031132936477661,0.7843137254901961
frozen,2,1,0,2,2.5020523071289062,0.7843137254901961
frozen,2,1,0,3,2.1314213275909424,0.7843137254901961
frozen,2,1,0,4,1.8502187728881836,0.7843137254901961
frozen,2,1,0,5,1.6215972900390625,0.7843137254901961
frozen,2,1,0,6,1.4144020080566406,0.7647058823529411
frozen,2,1,0,7,1.2210876941680908,0.7647058823529411
frozen,2,1,0,8,1.0369541645050049,0.7843137254901961
frozen,2,1,0,9,0.8557760119438171,0.7843137254901961
frozen,2,1,0,10,0.6942161321640015,0.803921568627451
frozen,2,1,0,11,0.5811406373977661,0.7843137254901961
frozen,2,1,0,12,0.4797196388244629,0.7647058823529411
frozen,2,1,0,13,0.4378945827484131,0.7647058823529411
frozen,2,1,0,14,0.43542975187301636,0.7647058823529411
frozen,2,1,0,15,0.44792431592941284,0.7647058823529411
frozen,2,1,0,16,0.38904380798339844,0.7647058823529411
frozen,2,1,0,17,0.34834155440330505,0.7647058823529411
frozen,2,1,0,18,0.35457783937454224,0.7450980392156863
frozen,2,1,0,19,0.33551040291786194,0.7254901960784313
frozen,2,1,0,20,0.3294442594051361,0.7254901960784313
frozen,2,1,0,21,0.30970126390457153,0.7254901960784313
frozen,2,1,0,22,0.2987729609012604,0.7647058823529411
frozen,2,1,0,23,0.2954025864601135,0.7647058823529411
frozen,2,1,0,24,0.27998143434524536,0.7254901960784313
frozen,2,1,0,25,0.27457740902900696,0.7058823529411765
frozen,2,1,1,1,2.834061861038208,0.8113207547169812
frozen,2,1,1,2,2.3979318141937256,0.7735849056603774
frozen,2,1,1,3,2.1096303462982178,0.7735849056603774
frozen,2,1,1,4,1.866502285003662,0.7735849056603774
frozen,2,1,1,5,1.6498156785964966,0.7547169811320755
frozen,2,1,1,6,1.4513977766036987,0.7547169811320755
frozen,2,1,1,7,1.2508864402770996,0.7547169811320755
frozen,2,1,1,8,1.0467712879180908,0.7735849056603774
frozen,2,1,1,9,0.849043071269989,0.7735849056603774
frozen,2,1,1,10,0.6845607757568359,0.7547169811320755
frozen,2,1,1,11,0.5718763470649719,0.7735849056603774
frozen,2,1,1,12,0.5020742416381836,0.7735849056603774
frozen,2,1,1,13,0.4651646912097931,0.7735849056603774
frozen,2,1,1,14,0.4517059326171875,0.7924528301886793
frozen,2,1,1,15,0.4584008455276489,0.7924528301886793
frozen,2,1,1,16,0.38740435242652893,0.7924528301886793
frozen,2,1,1,17,0.4009312689304352,0.7924528301886793
frozen,2,1,1,18,0.3870008587837219,0.7924528301886793
frozen,2,1,1,19,0.36290502548217773,0.7924528301886793
frozen,2,1,1,20,0.35114800930023193,0.7924528301886793
frozen,2,1,2,1,2.911604881286621,0.8688524590163934
frozen,2,1,2,2,2.4166834354400635,0.8688524590163934
frozen,2,1,2,3,2.0989930629730225,0.8360655737704918
frozen,2,1,2,4,1.8601608276367188,0.8524590163934426
frozen,2,1,2,5,1.6659743785858154,0.8524590163934426
frozen,2,1,2,6,1.4955687522888184,0.8524590163934426
frozen,2,1,2,7,1.338715672492981,0.8524590163934426
frozen,2,1,2,8,1.1853846311569214,0.8524590163934426
frozen,2,1,2,9,1.0259734392166138,0.8524590163934426
frozen,2,1,2,10,0.8590488433837891,0.8524590163934426
frozen,2,1,2,11,0.6973281502723694,0.8524590163934426
frozen,2,1,2,12,0.5707066059112549,0.8524590163934426
frozen,2,1,2,13,0.504945695400238,0.8524590163934426
frozen,2,1,2,14,0.4654484689235687,0.8524590163934426
frozen,2,1,2,15,0.42865145206451416,0.8524590163934426
frozen,2,1,2,16,0.4112389385700226,0.8688524590163934
frozen,2,1,2,17,0.3753806948661804,0.8688524590163934
frozen,2,1,2,18,0.37371253967285156,0.8688524590163934
frozen,2,1,2,19,0.3486223816871643,0.8524590163934426
frozen,2,1,2,20,0.34359845519065857,0.8688524590163934
adapted,2,1,0,1,3.031132936477661,0.7843137254901961
adapted,2,1,0,2,2.4491360187530518,0.7843137254901961
adapted,2,1,0,3,2.0449976921081543,0.7843137254901961
adapted,2,1,0,4,1.7358150482177734,0.7843137254901961
adapted,2,1,0,5,1.473217248916626,0.7647058823529411
adapted,2,1,0,6,1.2422059774398804,0.7647058823529411
adapted,2,1,0,7,1.036588430404663,0.7647058823529411
adapted,2,1,0,8,0.8441956639289856,0.7647058823529411
adapted,2,1,0,9,0.6791577339172363,0.7843137254901961
adapted,2,1,0,10,0.5616356134414673,0.7647058823529411
adapted,2,1,0,11,0.4756999909877777,0.7647058823529411
adapted,2,1,0,12,0.4387242794036865,0.7647058823529411
adapted,2,1,0,13,0.4133151173591614,0.7647058823529411
adapted,2,1,0,14,0.38890939950942993,0.7058823529411765
adapted,2,1,0,15,0.38316231966018677,0.7058823529411765
adapted,2,1,0,16,0.3580206036567688,0.7058823529411765
adapted,2,1,0,17,0.37033796310424805,0.6862745098039216
adapted,2,1,0,18,0.3552513122558594,0.6862745098039216
adapted,2,1,0,19,0.3393874168395996,0.6862745098039216
adapted,2,1,0,20,0.31170299649238586,0.6862745098039216
adapted,2,1,1,1,2.834061861038208,0.7924528301886793
adapted,2,1,1,2,2.356578826904297,0.7735849056603774
adapted,2,1,1,3,2.034717559814453,0.7735849056603774
adapted,2,1,1,4,1.7555867433547974,0.7924528301886793
adapted,2,1,1,5,1.5098693370819092,0.7547169811320755
adapted,2,1,1,6,1.281524658203125,0.7547169811320755
adapted,2,1,1,7,1.0649609565734863,0.7735849056603774
adapted,2,1,1,8,0.8658193945884705,0.7735849056603774
adapted,2,1,1,9,0.7001149654388428,0.7924528301886793
adapted,2,1,1,10,0.5796205401420593,0.7924528301886793
adapted,2,1,1,11,0.499801903963089,0.7735849056603774
adapted,2,1,1,12,0.4643850028514862,0.7924528301886793
adapted,2,1,1,13,0.4250693619251251,0.8113207547169812
adapted,2,1,1,14,0.4129106402397156,0.8113207547169812
adapted,2,1,1,15,0.3934463560581207,0.8301886792452831
adapted,2,1,1,16,0.38370072841644287,0.8113207547169812
adapted,2,1,1,17,0.3674834370613098,0.8301886792452831
adapted,2,1,1,18,0.36893683671951294,0.8113207547169812
adapted,2,1,1,19,0.35526058077812195,0.8301886792452831
adapted,2,1,1,20,0.3392367959022522,0.8113207547169812
adapted,2,1,1,21,0.33811232447624207,0.8301886792452831
adapted,2,1,1,22,0.3264301121234894,0.8113207547169812
adapted,2,1,1,23,0.3201499879360199,0.8301886792452831
adapted,2,1,1,24,0.3101949691772461,0.8301886792452831
adapted,2,1,1,25,0.3064603805541992,0.8301886792452831
adapted,2,1,1,26,0.2975071668624878,0.8301886792452831
adapted,2,1,1,27,0.29166173934936523,0.8301886792452831
adapted,2,1,1,28,0.28483906388282776,0.8301886792452831
adapted,2,1,1,29,0.28230491280555725,0.8113207547169812
adapted,2,1,1,30,0.2748248279094696,0.8301886792452831
adapted,2,1,2,1,2.911604881286621,0.8852459016393442
adapted,2,1,2,2,2.369959831237793,0.8852459016393442
adapted,2,1,2,3,2.026007890701294,0.8360655737704918
adapted,2,1,2,4,1.7636452913284302,0.8360655737704918
adapted,2,1,2,5,1.5386887788772583,0.8524590163934426
adapted,2,1,2,6,1.338753342628479,0.8524590163934426
adapted,2,1,2,7,1.160469889640808,0.8524590163934426
adapted,2,1,2,8,0.9860005974769592,0.8360655737704918
adapted,2,1,2,9,0.8091163635253906,0.8360655737704918
adapted,2,1,2,10,0.6518977284431458,0.8360655737704918
adapted,2,1,2,11,0.5537154674530029,0.8360655737704918
adapted,2,1,2,12,0.5112793445587158,0.8360655737704918
adapted,2,1,2,13,0.4626786410808563,0.8360655737704918
adapted,2,1,2,14,0.4302557110786438,0.8360655737704918
adapted,2,1,2,15,0.4225419759750366,0.8360655737704918
adapted,2,1,2,16,0.39441630244255066,0.8360655737704918
adapted,2,1,2,17,0.38149288296699524,0.8524590163934426
adapted,2,1,2,18,0.36049655079841614,0.8360655737704918
adapted,2,1,2,19,0.34514692425727844,0.8360655737704918
adapted,2,1,2,20,0.3335318863391876,0.8360655737704918
frozen,2,2,0,1,2.887700319290161,0.8507462686567164
frozen,2,2,0,2,2.387249708175659,0.8805970149253731
frozen,2,2,0,3,2.076446056365967,0.8805970149253731
frozen,2,2,0,4,1.8362594842910767,0.8656716417910447
frozen,2,2,0,5,1.6045271158218384,0.8955223880597015
frozen,2,2,0,6,1.3831971883773804,0.8805970149253731
frozen,2,2,0,7,1.1865934133529663,0.8955223880597015
frozen,2,2,0,8,1.017014503479004,0.8955223880597015
frozen,2,2,0,9,0.8336931467056274,0.8805970149253731
frozen,2,2,0,10,0.6673879027366638,0.8656716417910447
frozen,2,2,0,11,0.5759852528572083,0.8507462686567164
frozen,2,2,0,12,0.5028813481330872,0.8507462686567164
frozen,2,2,0,13,0.44029173254966736,0.8507462686567164
frozen,2,2,0,14,0.39684587717056274,0.8507462686567164
frozen,2,2,0,15,0.38793057203292847,0.8507462686567164
frozen,2,2,0,16,0.34639209508895874,0.8507462686567164
frozen,2,2,0,17,0.3331776261329651,0.8507462686567164
frozen,2,2,0,18,0.30945560336112976,0.8507462686567164
frozen,2,2,0,19,0.30908411741256714,0.8507462686567164
frozen,2,2,0,20,0.29616937041282654,0.8507462686567164
frozen,2,2,1,1,3.0280227661132812,0.9183673469387755
frozen,2,2,1,2,2.539064645767212,0.9183673469387755
frozen,2,2,1,3,2.1957967281341553,0.9387755102040817
frozen,2,2,1,4,1.9067978858947754,0.9387755102040817
frozen,2,2,1,5,1.6974387168884277,0.9387755102040817
frozen,2,2,1,6,1.5284759998321533,0.9387755102040817
frozen,2,2,1,7,1.3645949363708496,0.8979591836734694
frozen,2,2,1,8,1.2021284103393555,0.8979591836734694
frozen,2,2,1,9,1.0400913953781128,0.8979591836734694
frozen,2,2,1,10,0.8771559000015259,0.8775510204081632
frozen,2,2,1,11,0.7367093563079834,0.8775510204081632
frozen,2,2,1,12,0.629128634929657,0.8775510204081632
frozen,2,2,1,13,0.5606915950775146,0.8775510204081632
frozen,2,2,1,14,0.5087537169456482,0.8775510204081632
frozen,2,2,1,15,0.5671054124832153,0.8775510204081632
frozen,2,2,1,16,0.5057637691497803,0.8775510204081632
frozen,2,2,1,17,0.4384121596813202,0.8775510204081632
frozen,2,2,1,18,0.41288378834724426,0.8775510204081632
frozen,2,2,1,19,0.4094224274158478,0.8775510204081632
frozen,2,2,1,20,0.3889656960964203,0.8775510204081632
frozen,2,2,2,1,2.9110450744628906,0.75
frozen,2,2,2,2,2.272937297821045,0.6923076923076923
frozen,2,2,2,3,1.877146601676941,0.6923076923076923
frozen,2,2,2,4,1.6274170875549316,0.7115384615384616
frozen,2,2,2,5,1.4411077499389648,0.7115384615384616
frozen,2,2,2,6,1.2729668617248535,0.75
frozen,2,2,2,7,1.1073987483978271,0.75
frozen,2,2,2,8,0.9451038837432861,0.75
frozen,2,2,2,9,0.8020279407501221,0.7307692307692307
frozen,2,2,2,10,0.6936991810798645,0.7307692307692307
frozen,2,2,2,11,0.6048139929771423,0.7307692307692307
frozen,2,2,2,12,0.5543684363365173,0.7307692307692307
frozen,2,2,2,13,0.5122020840644836,0.7307692307692307
frozen,2,2,2,14,0.46484872698783875,0.7307692307692307
frozen,2,2,2,15,0.4424179196357727,0.7307692307692307
frozen,2,2,2,16,0.4146474599838257,0.7307692307692307
frozen,2,2,2,17,0.4133915901184082,0.7115384615384616
frozen,2,2,2,18,0.3930172920227051,0.7307692307692307
frozen,2,2,2,19,0.37355759739875793,0.7307692307692307
frozen,2,2,2,20,0.3574061691761017,0.7307692307692307
adapted,2,2,0,1,2.887700319290161,0.8507462686567164
adapted,2,2,0,2,2.3444342613220215,0.8805970149253731
adapted,2,2,0,3,2.004899501800537,0.8805970149253731
adapted,2,2,0,4,1.7178939580917358,0.8805970149253731
adapted,2,2,0,5,1.4392547607421875,0.8805970149253731
adapted,2,2,0,6,1.1975985765457153,0.8955223880597015
adapted,2,2,0,7,1.0085347890853882,0.8955223880597015
adapted,2,2,0,8,0.8262731432914734,0.8955223880597015
adapted,2,2,0,9,0.6663337349891663,0.8656716417910447
adapted,2,2,0,10,0.56536465883255,0.8656716417910447
adapted,2,2,0,11,0.48596543073654175,0.8656716417910447
adapted,2,2,0,12,0.4328238368034363,0.8656716417910447
adapted,2,2,0,13,0.39121270179748535,0.8656716417910447
adapted,2,2,0,14,0.3748440146446228,0.8656716417910447
adapted,2,2,0,15,0.3579288125038147,0.8656716417910447
adapted,2,2,0,16,0.3256508708000183,0.8656716417910447
adapted,2,2,0,17,0.32704153656959534,0.8656716417910447
adapted,2,2,0,18,0.3153267502784729,0.8656716417910447
adapted,2,2,0,19,0.3043592572212219,0.8507462686567164
adapted,2,2,0,20,0.28959763050079346,0.8507462686567164
adapted,2,2,0,21,0.2983797490596771,0.8507462686567164
adapted,2,2,1,1,3.0280227661132812,0.9183673469387755
adapted,2,2,1,2,2.4925954341888428,0.9387755102040817
adapted,2,2,1,3,2.103245973587036,0.9591836734693877
adapted,2,2,1,4,1.7966392040252686,0.9387755102040817
adapted,2,2,1,5,1.572787880897522,0.9183673469387755
adapted,2,2,1,6,1.3671427965164185,0.8979591836734694
adapted,2,2,1,7,1.1780675649642944,0.8979591836734694
adapted,2,2,1,8,1.007293462753296,0.8979591836734694
adapted,2,2,1,9,0.8491811752319336,0.8775510204081632
adapted,2,2,1,10,0.7130237817764282,0.8775510204081632
adapted,2,2,1,11,0.6030485033988953,0.8775510204081632
adapted,2,2,1,12,0.5376400351524353,0.8775510204081632
adapted,2,2,1,13,0.4844231903553009,0.8775510204081632
adapted,2,2,1,14,0.4718722403049469,0.8775510204081632
adapted,2,2,1,15,0.4610315263271332,0.8775510204081632
adapted,2,2,1,16,0.4234062135219574,0.8775510204081632
adapted,2,2,1,17,0.39021703600883484,0.8775510204081632
adapted,2,2,1,18,0.3991745114326477,0.8775510204081632
adapted,2,2,1,19,0.3891702890396118,0.8775510204081632
adapted,2,2,1,20,0.3655198812484741,0.8775510204081632
adapted,2,2,2,1,2.9110450744628906,0.7307692307692307
adapted,2,2,2,2,2.2127766609191895,0.7115384615384616
adapted,2,2,2,3,1.7929000854492188,0.6923076923076923
adapted,2,2,2,4,1.517063021659851,0.7307692307692307
adapted,2,2,2,5,1.297465443611145,0.7692307692307693
adapted,2,2,2,6,1.0991352796554565,0.7307692307692307
adapted,2,2,2,7,0.9204431176185608,0.7307692307692307
adapted,2,2,2,8,0.779711902141571,0.7307692307692307
adapted,2,2,2,9,0.6744638085365295,0.7307692307692307
adapted,2,2,2,10,0.589611291885376,0.75
adapted,2,2,2,11,0.541637659072876,0.75
adapted,2,2,2,12,0.49159887433052063,0.75
adapted,2,2,2,13,0.4473227262496948,0.75
adapted,2,2,2,14,0.4218282401561737,0.75
adapted,2,2,2,15,0.4097853899002075,0.75
adapted,2,2,2,16,0.3847804367542267,0.75
adapted,2,2,2,17,0.3885287344455719,0.75
adapted,2,2,2,18,0.3730149269104004,0.7692307692307693
adapted,2,2,2,19,0.36016619205474854,0.7692307692307693
adapted,2,2,2,20,0.35114505887031555,0.7692307692307693
frozen,2,3,0,1,2.8744888305664062,0.6727272727272727
frozen,2,3,0,2,2.3135993480682373,0.6727272727272727
frozen,2,3,0,3,2.0181686878204346,0.6909090909090909
frozen,2,3,0,4,1.7894370555877686,0.6727272727272727
frozen,2,3,0,5,1.5547407865524292,0.6909090909090909
frozen,2,3,0,6,1.3237724304199219,0.7090909090909091
frozen,2,3,0,7,1.1272923946380615,0.7272727272727273
frozen,2,3,0,8,0.9709464907646179,0.7272727272727273
frozen,2,3,0,9,0.8144248723983765,0.7272727272727273
frozen,2,3,0,10,0.65421062707901,0.7090909090909091
frozen,2,3,0,11,0.5290306210517883,0.6909090909090909
frozen,2,3,0,12,0.4567352831363678,0.6727272727272727
frozen,2,3,0,13,0.3955208361148834,0.6727272727272727
frozen,2,3,0,14,0.3503665328025818,0.6727272727272727
frozen,2,3,0,15,0.3913860321044922,0.6727272727272727
frozen,2,3,0,16,0.37051892280578613,0.6727272727272727
frozen,2,3,0,17,0.33656182885169983,0.7090909090909091
frozen,2,3,0,18,0.2864309549331665,0.7090909090909091
frozen,2,3,0,19,0.27920207381248474,0.7090909090909091
frozen,2,3,0,20,0.28459420800209045,0.7454545454545455
frozen,2,3,0,21,0.26191195845603943,0.7454545454545455
frozen,2,3,0,22,0.2420235574245453,0.7636363636363637
frozen,2,3,0,23,0.2385803908109665,0.7636363636363637
frozen,2,3,0,24,0.2352880984544754,0.7636363636363637
frozen,2,3,0,25,0.22539615631103516,0.7636363636363637
frozen,2,3,0,26,0.2139924317598343,0.7818181818181819
frozen,2,3,0,27,0.21061594784259796,0.7818181818181819
frozen,2,3,0,28,0.2039625644683838,0.7818181818181819
frozen,2,3,0,29,0.19881851971149445,0.7636363636363637
frozen,2,3,0,30,0.19488398730754852,0.7636363636363637
frozen,2,3,0,31,0.18849998712539673,0.7636363636363637
frozen,2,3,0,32,0.18388256430625916,0.7636363636363637
frozen,2,3,0,33,0.18081353604793549,0.7636363636363637
frozen,2,3,0,34,0.17510782182216644,0.7636363636363637
frozen,2,3,0,35,0.17017081379890442,0.7818181818181819
frozen,2,3,0,36,0.16699646413326263,0.7818181818181819
frozen,2,3,0,37,0.16308996081352234,0.7818181818181819
frozen,2,3,0,38,0.15964511036872864,0.7818181818181819
frozen,2,3,0,39,0.156576007604599,0.7818181818181819
frozen,2,3,0,40,0.15215149521827698,0.7818181818181819
frozen,2,3,0,41,0.14862659573554993,0.7818181818181819
frozen,2,3,1,1,2.9853029251098633,0.7560975609756098
frozen,2,3,1,2,2.5245583057403564,0.8048780487804879
frozen,2,3,1,3,2.217402696609497,0.8292682926829268
frozen,2,3,1,4,1.9725285768508911,0.8048780487804879
frozen,2,3,1,5,1.7490448951721191,0.8048780487804879
frozen,2,3,1,6,1.5286768674850464,0.8048780487804879
frozen,2,3,1,7,1.3062530755996704,0.8048780487804879
frozen,2,3,1,8,1.101412296295166,0.7804878048780488
frozen,2,3,1,9,0.9432076811790466,0.7804878048780488
frozen,2,3,1,10,0.7704859375953674,0.7560975609756098
frozen,2,3,1,11,0.6513442397117615,0.7560975609756098
frozen,2,3,1,12,0.549837052822113,0.7804878048780488
frozen,2,3,1,13,0.5126213431358337,0.7804878048780488
frozen,2,3,1,14,0.4580378234386444,0.7804878048780488
frozen,2,3,1,15,0.44900277256965637,0.7804878048780488
frozen,2,3,1,16,0.42825910449028015,0.8048780487804879
frozen,2,3,1,17,0.40414273738861084,0.7804878048780488
frozen,2,3,1,18,0.38769522309303284,0.7804878048780488
frozen,2,3,1,19,0.3798193037509918,0.7804878048780488
frozen,2,3,1,20,0.35835984349250793,0.7804878048780488
frozen,2,3,2,1,2.992112636566162,0.8181818181818182
frozen,2,3,2,2,2.4370810985565186,0.8909090909090909
frozen,2,3,2,3,2.1282453536987305,0.9090909090909091
frozen,2,3,2,4,1.9097994565963745,0.9090909090909091
frozen,2,3,2,5,1.7231577634811401,0.9090909090909091
frozen,2,3,2,6,1.5451258420944214,0.9090909090909091
frozen,2,3,2,7,1.354365587234497,0.8909090909090909
frozen,2,3,2,8,1.1251816749572754,0.8545454545454545
frozen,2,3,2,9,0.9182057976722717,0.8545454545454545
frozen,2,3,2,10,0.738966166973114,0.8727272727272727
frozen,2,3,2,11,0.6027011275291443,0.8727272727272727
frozen,2,3,2,12,0.5823816061019897,0.8545454545454545
frozen,2,3,2,13,0.5008741617202759,0.8727272727272727
frozen,2,3,2,14,0.44390735030174255,0.8545454545454545
frozen,2,3,2,15,0.4412090480327606,0.8545454545454545
frozen,2,3,2,16,0.3896200954914093,0.8363636363636363
frozen,2,3,2,17,0.3799924850463867,0.8363636363636363
frozen,2,3,2,18,0.35583046078681946,0.8363636363636363
frozen,2,3,2,19,0.3299063742160797,0.8545454545454545
frozen,2,3,2,20,0.3373982310295105,0.8181818181818182
adapted,2,3,0,1,2.8744888305664062,0.6727272727272727
adapted,2,3,0,2,2.271678924560547,0.6727272727272727
adapted,2,3,0,3,1.944373369216919,0.6727272727272727
adapted,2,3,0,4,1.6590442657470703,0.6909090909090909
adapted,2,3,0,5,1.368634819984436,0.7090909090909091
adapted,2,3,0,6,1.1235392093658447,0.7090909090909091
adapted,2,3,0,7,0.9499410390853882,0.7090909090909091
adapted,2,3,0,8,0.7905969023704529,0.7090909090909091
adapted,2,3,0,9,0.6376402974128723,0.6909090909090909
adapted,2,3,0,10,0.5189039707183838,0.6909090909090909
adapted,2,3,0,11,0.4389697015285492,0.6909090909090909
adapted,2,3,0,12,0.3855098485946655,0.6909090909090909
adapted,2,3,0,13,0.3505009710788727,0.6909090909090909
adapted,2,3,0,14,0.34203535318374634,0.6727272727272727
adapted,2,3,0,15,0.31310713291168213,0.6727272727272727
adapted,2,3,0,16,0.28921598196029663,0.6909090909090909
adapted,2,3,0,17,0.2983725070953369,0.7090909090909091
adapted,2,3,0,18,0.31318730115890503,0.7090909090909091
adapted,2,3,0,19,0.29140517115592957,0.7272727272727273
adapted,2,3,0,20,0.26257947087287903,0.7272727272727273
adapted,2,3,0,21,0.25847840309143066,0.7272727272727273
adapted,2,3,0,22,0.25818735361099243,0.7272727272727273
adapted,2,3,0,23,0.2434380054473877,0.7272727272727273
adapted,2,3,0,24,0.23497071862220764,0.7272727272727273
adapted,2,3,0,25,0.22498205304145813,0.7272727272727273
adapted,2,3,0,26,0.23504909873008728,0.7272727272727273
adapted,2,3,0,27,0.23026618361473083,0.7272727272727273
adapted,2,3,0,28,0.22256794571876526,0.7272727272727273
adapted,2,3,0,29,0.21049770712852478,0.7090909090909091
adapted,2,3,0,30,0.2183627188205719,0.7090909090909091
adapted,2,3,0,31,0.20616917312145233,0.7272727272727273
adapted,2,3,0,32,0.19620294868946075,0.7272727272727273
adapted,2,3,0,33,0.18886347115039825,0.7272727272727273
adapted,2,3,0,34,0.18756084144115448,0.7272727272727273
adapted,2,3,1,1,2.9853029251098633,0.7560975609756098
adapted,2,3,1,2,2.484421491622925,0.8048780487804879
adapted,2,3,1,3,2.1454713344573975,0.8048780487804879
adapted,2,3,1,4,1.8608944416046143,0.8048780487804879
adapted,2,3,1,5,1.5949496030807495,0.8048780487804879
adapted,2,3,1,6,1.342398762702942,0.8048780487804879
adapted,2,3,1,7,1.1232854127883911,0.7560975609756098
adapted,2,3,1,8,0.957867443561554,0.7560975609756098
adapted,2,3,1,9,0.7938871383666992,0.7804878048780488
adapted,2,3,1,10,0.6618407964706421,0.7804878048780488
adapted,2,3,1,11,0.5720685720443726,0.8048780487804879
adapted,2,3,1,12,0.5258135199546814,0.8048780487804879
adapted,2,3,1,13,0.481185644865036,0.8048780487804879
adapted,2,3,1,14,0.4547640085220337,0.8048780487804879
adapted,2,3,1,15,0.43937283754348755,0.8048780487804879
adapted,2,3,1,16,0.4002014100551605,0.8048780487804879
adapted,2,3,1,17,0.39885300397872925,0.8048780487804879
adapted,2,3,1,18,0.37973639369010925,0.8048780487804879
adapted,2,3,1,19,0.373358815908432,0.8048780487804879
adapted,2,3,1,20,0.3608900010585785,0.8048780487804879
adapted,2,3,2,1,2.992112636566162,0.8181818181818182
adapted,2,3,2,2,2.390216588973999,0.9090909090909091
adapted,2,3,2,3,2.0485029220581055,0.9090909090909091
adapted,2,3,2,4,1.7850658893585205,0.9090909090909091
adapted,2,3,2,5,1.550326943397522,0.9090909090909091
adapted,2,3,2,6,1.323748230934143,0.8727272727272727
adapted,2,3,2,7,1.08314847946167,0.8545454545454545
adapted,2,3,2,8,0.8644856810569763,0.8545454545454545
adapted,2,3,2,9,0.6962441205978394,0.8545454545454545
adapted,2,3,2,10,0.6277420520782471,0.8727272727272727
adapted,2,3,2,11,0.5825995802879333,0.8545454545454545
adapted,2,3,2,12,0.4926705062389374,0.8727272727272727
adapted,2,3,2,13,0.44991999864578247,0.8727272727272727
adapted,2,3,2,14,0.44207337498664856,0.8545454545454545
adapted,2,3,2,15,0.41111886501312256,0.8363636363636363
adapted,2,3,2,16,0.38822442293167114,0.8363636363636363
adapted,2,3,2,17,0.35608401894569397,0.8363636363636363
adapted,2,3,2,18,0.35267767310142517,0.8363636363636363
adapted,2,3,2,19,0.33391979336738586,0.8545454545454545
adapted,2,3,2,20,0.3264278173446655,0.8545454545454545
frozen,2,4,0,1,2.771808624267578,0.7096774193548387
frozen,2,4,0,2,2.145054340362549,0.7258064516129032
frozen,2,4,0,3,1.783029556274414,0.7741935483870968
frozen,2,4,0,4,1.5367298126220703,0.7741935483870968
frozen,2,4,0,5,1.3300817012786865,0.7580645161290323
frozen,2,4,0,6,1.157734751701355,0.7580645161290323
frozen,2,4,0,7,1.0129948854446411,0.7580645161290323
frozen,2,4,0,8,0.8790532946586609,0.7580645161290323
frozen,2,4,0,9,0.7453325986862183,0.7741935483870968
frozen,2,4,0,10,0.6233502626419067,0.7903225806451613
frozen,2,4,0,11,0.5338104963302612,0.7903225806451613
frozen,2,4,0,12,0.4687890410423279,0.8064516129032258
frozen,2,4,0,13,0.4321630597114563,0.8225806451612904
frozen,2,4,0,14,0.4037511944770813,0.8225806451612904
frozen,2,4,0,15,0.3723345398902893,0.8064516129032258
frozen,2,4,0,16,0.34470227360725403,0.8064516129032258
frozen,2,4,0,17,0.32161635160446167,0.8064516129032258
frozen,2,4,0,18,0.3004670739173889,0.8064516129032258
frozen,2,4,0,19,0.29106569290161133,0.8064516129032258
frozen,2,4,0,20,0.28910282254219055,0.8064516129032258
frozen,2,4,0,21,0.2740423083305359,0.8064516129032258
frozen,2,4,0,22,0.2559829354286194,0.8064516129032258
frozen,2,4,0,23,0.24538612365722656,0.8225806451612904
frozen,2,4,0,24,0.24331465363502502,0.8225806451612904
frozen,2,4,0,25,0.23924560844898224,0.8225806451612904
frozen,2,4,0,26,0.2297932207584381,0.8225806451612904
frozen,2,4,0,27,0.22262640297412872,0.8225806451612904
frozen,2,4,0,28,0.21625885367393494,0.8225806451612904
frozen,2,4,1,1,2.838270664215088,0.6857142857142857
frozen,2,4,1,2,2.2914817333221436,0.7142857142857143
frozen,2,4,1,3,1.953850507736206,0.7428571428571429
frozen,2,4,1,4,1.7325612306594849,0.8
frozen,2,4,1,5,1.5607997179031372,0.8
frozen,2,4,1,6,1.397783875465393,0.7714285714285715
frozen,2,4,1,7,1.234175682067871,0.8
frozen,2,4,1,8,1.0733298063278198,0.7714285714285715
frozen,2,4,1,9,0.9203185439109802,0.7714285714285715
frozen,2,4,1,10,0.7809463739395142,0.7714285714285715
frozen,2,4,1,11,0.6654263138771057,0.8
frozen,2,4,1,12,0.5715920925140381,0.8
frozen,2,4,1,13,0.5052465796470642,0.7714285714285715
frozen,2,4,1,14,0.4455403983592987,0.8
frozen,2,4,1,15,0.41744324564933777,0.8285714285714286
frozen,2,4,1,16,0.4082828462123871,0.8285714285714286
frozen,2,4,1,17,0.38699817657470703,0.8285714285714286
frozen,2,4,1,18,0.3726414740085602,0.8285714285714286
frozen,2,4,1,19,0.3588308095932007,0.8571428571428571
frozen,2,4,1,20,0.3424360156059265,0.8571428571428571
frozen,2,4,1,21,0.32960236072540283,0.8571428571428571
frozen,2,4,1,22,0.3182392120361328,0.8857142857142857
frozen,2,4,1,23,0.30752819776535034,0.8857142857142857
frozen,2,4,1,24,0.29666832089424133,0.8571428571428571
frozen,2,4,1,25,0.2915213406085968,0.8857142857142857
frozen,2,4,1,26,0.2814320921897888,0.8857142857142857
frozen,2,4,1,27,0.27130353450775146,0.8857142857142857
frozen,2,4,1,28,0.2631766200065613,0.8857142857142857
frozen,2,4,1,29,0.25438931584358215,0.8857142857142857
frozen,2,4,1,30,0.24916358292102814,0.8571428571428571
frozen,2,4,1,31,0.24319006502628326,0.8571428571428571
frozen,2,4,1,32,0.23877035081386566,0.8571428571428571
frozen,2,4,1,33,0.23210491240024567,0.8857142857142857
frozen,2,4,1,34,0.22479887306690216,0.8857142857142857
frozen,2,4,1,35,0.21994595229625702,0.8857142857142857
frozen,2,4,1,36,0.21473073959350586,0.8857142857142857
frozen,2,4,1,37,0.2111620455980301,0.8857142857142857
frozen,2,4,2,1,2.700105905532837,0.9629629629629629
frozen,2,4,2,2,2.2327890396118164,0.9814814814814815
frozen,2,4,2,3,1.9247578382492065,0.9814814814814815
frozen,2,4,2,4,1.7025024890899658,0.9814814814814815
frozen,2,4,2,5,1.5208185911178589,0.9814814814814815
frozen,2,4,2,6,1.3704438209533691,0.9814814814814815
frozen,2,4,2,7,1.2285486459732056,0.9814814814814815
frozen,2,4,2,8,1.0798221826553345,0.9814814814814815
frozen,2,4,2,9,0.9275911450386047,0.9629629629629629
frozen,2,4,2,10,0.7827514410018921,0.9629629629629629
frozen,2,4,2,11,0.6500210165977478,0.9629629629629629
frozen,2,4,2,12,0.5406507253646851,0.9629629629629629
frozen,2,4,2,13,0.47604548931121826,0.9444444444444444
frozen,2,4,2,14,0.44319087266921997,0.9444444444444444
frozen,2,4,2,15,0.4214400053024292,0.9444444444444444
frozen,2,4,2,16,0.4027484953403473,0.9259259259259259
frozen,2,4,2,17,0.36544838547706604,0.9074074074074074
frozen,2,4,2,18,0.37258127331733704,0.9259259259259259
frozen,2,4,2,19,0.36412888765335083,0.8888888888888888
frozen,2,4,2,20,0.3818434476852417,0.9074074074074074
adapted,2,4,0,1,2.771808624267578,0.7258064516129032
adapted,2,4,0,2,2.088176727294922,0.7580645161290323
adapted,2,4,0,3,1.6969648599624634,0.7741935483870968
adapted,2,4,0,4,1.411935567855835,0.7580645161290323
adapted,2,4,0,5,1.1767845153808594,0.7580645161290323
adapted,2,4,0,6,0.9961358904838562,0.7580645161290323
adapted,2,4,0,7,0.8504841923713684,0.7580645161290323
adapted,2,4,0,8,0.7122303247451782,0.7580645161290323
adapted,2,4,0,9,0.5894483923912048,0.7741935483870968
adapted,2,4,0,10,0.505515456199646,0.7741935483870968
adapted,2,4,0,11,0.4543488621711731,0.7741935483870968
adapted,2,4,0,12,0.41727131605148315,0.7903225806451613
adapted,2,4,0,13,0.39181187748908997,0.7903225806451613
adapted,2,4,0,14,0.3556651175022125,0.7903225806451613
adapted,2,4,0,15,0.3298152685165405,0.8064516129032258
adapted,2,4,0,16,0.3172946870326996,0.8064516129032258
adapted,2,4,0,17,0.3023197650909424,0.8064516129032258
adapted,2,4,0,18,0.2949914038181305,0.8064516129032258
adapted,2,4,0,19,0.28317660093307495,0.8064516129032258
adapted,2,4,0,20,0.2645242512226105,0.8064516129032258
adapted,2,4,0,21,0.2580319941043854,0.8064516129032258
adapted,2,4,0,22,0.2563493251800537,0.8064516129032258
adapted,2,4,0,23,0.24948497116565704,0.8064516129032258
adapted,2,4,0,24,0.2371668815612793,0.8064516129032258
adapted,2,4,0,25,0.22376684844493866,0.8064516129032258
adapted,2,4,0,26,0.2176278531551361,0.8064516129032258
adapted,2,4,0,27,0.21585118770599365,0.8064516129032258
adapted,2,4,0,28,0.2111971378326416,0.8064516129032258
adapted,2,4,0,29,0.2051275670528412,0.8064516129032258
adapted,2,4,0,30,0.19751378893852234,0.8064516129032258
adapted,2,4,1,1,2.838270664215088,0.6857142857142857
adapted,2,4,1,2,2.245396614074707,0.7142857142857143
adapted,2,4,1,3,1.8824379444122314,0.7714285714285715
adapted,2,4,1,4,1.6347153186798096,0.7714285714285715
adapted,2,4,1,5,1.4264248609542847,0.7714285714285715
adapted,2,4,1,6,1.2281690835952759,0.7714285714285715
adapted,2,4,1,7,1.045588493347168,0.7714285714285715
adapted,2,4,1,8,0.8873245120048523,0.7714285714285715
adapted,2,4,1,9,0.7476361989974976,0.7714285714285715
adapted,2,4,1,10,0.6248537302017212,0.8285714285714286
adapted,2,4,1,11,0.5425105690956116,0.8285714285714286
adapted,2,4,1,12,0.4848099648952484,0.8
adapted,2,4,1,13,0.43984413146972656,0.8285714285714286
adapted,2,4,1,14,0.41063547134399414,0.8285714285714286
adapted,2,4,1,15,0.39413902163505554,0.8285714285714286
adapted,2,4,1,16,0.3792685568332672,0.8285714285714286
adapted,2,4,1,17,0.3682492971420288,0.8285714285714286
adapted,2,4,1,18,0.3611519932746887,0.8285714285714286
adapted,2,4,1,19,0.3430652916431427,0.8571428571428571
adapted,2,4,1,20,0.33201539516448975,0.8571428571428571
adapted,2,4,1,21,0.31348851323127747,0.8571428571428571
adapted,2,4,1,22,0.305460661649704,0.8571428571428571
adapted,2,4,1,23,0.3005407154560089,0.8571428571428571
adapted,2,4,1,24,0.2921557128429413,0.8571428571428571
adapted,2,4,1,25,0.2862670123577118,0.8571428571428571
adapted,2,4,1,26,0.2725108563899994,0.8571428571428571
adapted,2,4,1,27,0.2657618820667267,0.8571428571428571
adapted,2,4,1,28,0.2555612623691559,0.8571428571428571
adapted,2,4,1,29,0.24863983690738678,0.8285714285714286
adapted,2,4,1,30,0.24327582120895386,0.8285714285714286
adapted,2,4,1,31,0.2390909343957901,0.8285714285714286
adapted,2,4,1,32,0.23215819895267487,0.8285714285714286
adapted,2,4,1,33,0.22524188458919525,0.8285714285714286
adapted,2,4,1,34,0.22204308211803436,0.8285714285714286
adapted,2,4,2,1,2.700105905532837,0.9629629629629629
adapted,2,4,2,2,2.1802117824554443,0.9814814814814815
adapted,2,4,2,3,1.8484381437301636,0.9814814814814815
adapted,2,4,2,4,1.598477840423584,0.9814814814814815
adapted,2,4,2,5,1.395325779914856,0.9814814814814815
adapted,2,4,2,6,1.2227784395217896,0.9814814814814815
adapted,2,4,2,7,1.0511908531188965,0.9814814814814815
adapted,2,4,2,8,0.8859501481056213,0.9629629629629629
adapted,2,4,2,9,0.7400800585746765,0.9629629629629629
adapted,2,4,2,10,0.616841197013855,0.9629629629629629
adapted,2,4,2,11,0.5256650447845459,0.9629629629629629
adapted,2,4,2,12,0.4717608392238617,0.9629629629629629
adapted,2,4,2,13,0.4306863844394684,0.9629629629629629
adapted,2,4,2,14,0.42113637924194336,0.9444444444444444
adapted,2,4,2,15,0.3878990411758423,0.9444444444444444
adapted,2,4,2,16,0.422620564699173,0.9074074074074074
adapted,2,4,2,17,0.42011258006095886,0.8888888888888888
adapted,2,4,2,18,0.38252419233322144,0.9259259259259259
adapted,2,4,2,19,0.3417801558971405,0.9444444444444444
adapted,2,4,2,20,0.3507126569747925,0.9444444444444444
